0.40531,0.15945,0.82902,0.82308,0.0028805,0.94291,0.76024,0.6545,0.89927,0.31024,0.38486,0.07937,0.62922,0.48817,0.78071,0.39639,0.29841,0.71507,0.77331,0.42947,0.072813,0.15674,0.79383,0.95081,0.37227,0.89601,0.038795,0.14888,0.94327,0.89923,0.73772,0.44624,0.39688,0.73299,0.77802,0.19229,0.77871,0.80853,0.57668,0.042992,0.8115,0.18956,0.030621,0.96633,0.43652,0.25264,0.90669,0.49095,0.39764,0.054408
0.23011,0.34,0.28343,0.80198,0.27558,0.01483,0.87069,0.98564,0.5415,0.28867,0.36751,0.42751,0.96228,0.34992,0.63066,0.6488,0.7407,0.4615,0.96823,0.95683,0.2938,0.018261,0.23754,0.10499,0.49847,0.9935,0.67541,0.99563,0.063727,0.27785,0.6819,0.78563,0.78152,0.00050313,0.10098,0.50517,0.26312,0.49165,0.76236,0.0050488,0.0073782,0.02174,0.52549,0.95545,0.30006,0.24289,0.86825,0.9963,0.016258,0.13569
0.10707,0.021999,0.72416,0.39358,0.87773,0.32043,0.60038,0.10946,0.8654,0.72981,0.50977,0.86838,0.67102,0.64893,0.37543,0.04229,0.50854,0.8267,0.18502,0.28887,0.14723,0.5359,0.23453,0.7179,0.27237,0.22165,0.79175,0.82378,0.77571,0.34832,0.15216,0.45338,0.54514,0.94683,0.1917,0.01043,0.73628,0.7024,0.99008,0.25816,0.47199,0.043449,0.70209,0.88196,0.72073,0.56016,0.45292,0.93597,0.33877,0.1503
0.24843,0.18142,0.87012,0.084838,0.9536,0.50123,0.62788,0.24799,0.41957,0.75994,0.4444,0.088051,0.43508,0.74219,0.39976,0.4835,0.71908,0.62468,0.36417,0.53707,0.068671,0.24704,0.92271,0.145,0.031575,0.48735,0.89705,0.16325,0.7316,0.91228,0.93043,0.17452,0.85427,0.97608,0.926,0.84269,0.70152,0.60528,0.15787,0.72397,0.032008,0.08354,0.081702,0.30667,0.59386,0.64739,0.89554,0.036409,0.49445,0.70692
0.11461,0.83967,0.3408,0.20967,0.059905,0.32608,0.80865,0.89961,0.84719,0.006412,0.56443,0.0075595,0.92386,0.88111,0.50781,0.85183,0.57473,0.53763,0.77634,0.36198,0.66647,0.94989,0.67247,0.52292,0.73872,0.14317,0.53895,0.8183,0.65606,0.29579,0.58819,0.061596,0.26611,0.44426,0.13113,0.47564,0.11171,0.079345,0.50292,0.028355,0.74108,0.11372,0.17838,0.83485,0.19996,0.52337,0.23816,0.48438,0.35545,0.66578
0.85667,0.95068,0.62893,0.95084,0.65288,0.22655,0.57106,0.18643,0.24394,0.51464,0.91525,0.55182,0.23358,0.97354,0.27287,0.95362,0.82208,0.09925,0.92052,0.022609,0.47426,0.8978,0.79165,0.77474,0.31389,0.41183,0.30546,0.68431,0.39359,0.1138,0.56611,0.96531,0.59707,0.13439,0.19514,0.695,0.50752,0.6804,0.32071,0.75238,0.058205,0.27425,0.99897,0.81941,0.11685,0.032721,0.35691,0.1743,0.47508,0.35385
0.011377,0.12059,0.77379,0.71617,0.80829,0.98066,0.87224,0.90165,0.3678,0.22493,0.099665,0.26234,0.23156,0.7824,0.098441,0.049555,0.43322,0.017786,0.60663,0.52784,0.30239,0.74794,0.94972,0.96802,0.72872,0.77785,0.75937,0.88984,0.29025,0.69548,0.55088,0.36464,0.085326,0.34979,0.69033,0.76191,0.11706,0.20664,0.52684,0.051615,0.80446,0.63709,0.44996,0.8977,0.51793,0.9674,0.80685,0.35653,0.75289,0.61482
0.62408,0.15888,0.8286,0.5927,0.53275,0.96885,0.0027076,0.95461,0.81616,0.20164,0.036221,0.59168,0.125,0.95845,0.67258,0.35156,0.57287,0.34642,0.20788,0.30295,0.60241,0.96296,0.56614,0.59312,0.40827,0.35599,0.48747,0.37044,0.31797,0.96335,0.49345,0.58784,0.77116,0.72273,0.12881,0.3486,0.71332,0.17189,0.013252,0.83763,0.4682,0.1707,0.74917,0.21605,0.090401,0.12024,0.38561,0.32089,0.23735,0.0066719
0.5141,0.56367,0.31311,0.98805,0.1433,0.64379,0.067078,0.83473,0.012939,0.1004,0.57709,0.31517,0.40324,0.54435,0.76929,0.21052,0.57701,0.74645,0.25069,0.2178,0.27704,0.22423,0.29464,0.38442,0.1382,0.76036,0.17807,0.042519,0.24583,0.29625,0.94785,0.71799,0.28844,0.68165,0.44765,0.11396,0.76536,0.7434,0.67428,0.028336,0.97302,0.83104,0.96931,0.26501,0.37631,0.28182,0.35592,0.035096,0.24329,0.07592
0.85355,0.45278,0.37758,0.85603,0.069964,0.7969,0.17213,0.96075,0.51765,0.92283,0.42144,0.89457,0.11327,0.34351,0.14365,0.7164,0.574,0.069641,0.79164,0.1612,0.34672,0.43934,0.93369,0.95925,0.75125,0.82216,0.78518,0.65271,0.69509,0.018189,0.4107,0.43339,0.26762,0.3268,0.1473,0.40967,0.1419,0.87228,0.35708,0.9429,0.86085,0.68387,0.75637,0.039806,0.02514,0.6776,0.66616,0.51681,0.55571,0.58005
0.25095,0.53028,0.70237,0.0013823,0.80556,0.95085,0.48929,0.77445,0.35246,0.25568,0.11417,0.69902,0.033691,0.16141,0.84057,0.92476,0.98452,0.3835,0.55366,0.94211,0.27116,0.056598,0.84671,0.5546,0.59761,0.15373,0.019167,0.67217,0.10777,0.97642,0.14559,0.72738,0.18848,0.88622,0.99394,0.46432,0.26328,0.018914,0.25711,0.06185,0.94486,0.28346,0.078141,0.91443,0.089706,0.51933,0.073285,0.81635,0.18743,0.93453
0.21751,0.60655,0.15768,0.9224,0.089334,0.96824,0.78874,0.58624,0.11851,0.64346,0.76144,0.87737,0.1878,0.20136,0.88367,0.241,0.54135,0.97773,0.8923,0.52843,0.31578,0.26016,0.68014,0.33939,0.59298,0.21026,0.7698,0.98697,0.27342,0.51326,0.98936,0.79084,0.8602,0.043132,0.59633,0.49821,0.72904,0.38664,0.61646,0.58061,0.58486,0.59699,0.86178,0.90621,0.25369,0.075464,0.23197,0.20174,0.84275,0.48701
0.9345,0.1348,0.98759,0.35206,0.9051,0.052538,0.90643,0.34021,0.061169,0.62196,0.26676,0.12053,0.66395,0.12082,0.89542,0.65315,0.63162,0.33637,0.76619,0.13033,0.87711,0.35871,0.78662,0.013559,0.67671,0.012064,0.55912,0.89885,0.29206,0.46316,0.80783,0.068531,0.70903,0.47579,0.5055,0.85153,0.70784,0.54337,0.35718,0.3816,0.90545,0.011803,0.54568,0.99974,0.44605,0.39873,0.38544,0.51849,0.84678,0.38462
0.49036,0.023793,0.43239,0.84323,0.061319,0.23494,0.98557,0.65307,0.9651,0.57935,0.95464,0.3259,0.65852,0.91815,0.56427,0.30912,0.83198,0.11232,0.79366,0.27315,0.43127,0.56093,0.11505,0.51608,0.68762,0.056203,0.92422,0.32108,0.31989,0.99267,0.81415,0.72225,0.55135,0.048421,0.041407,0.83851,0.041015,0.03515,0.35491,0.42328,0.7504,0.13731,0.96182,0.23629,0.60113,0.72068,0.072557,0.33179,0.8829,0.23219
0.80676,0.41139,0.99784,0.8925,0.99216,0.55607,0.2835,0.44261,0.86784,0.47439,0.0010416,0.21468,0.84606,0.69426,0.91924,0.76298,0.91008,0.30083,0.28014,0.5682,0.3828,0.0087374,0.20188,0.78052,0.45394,0.23788,0.75277,0.76366,0.59639,0.37872,0.75189,0.73913,0.9645,0.77268,0.25361,0.25758,0.065,0.56568,0.024891,0.66599,0.48673,0.82307,0.53785,0.25378,0.63811,0.024004,0.17554,0.1825,0.98396,0.060947
0.29538,0.5339,0.76251,0.95656,0.28023,0.83126,0.64779,0.92676,0.2589,0.13665,0.80975,0.096186,0.60563,0.65182,0.056495,0.49144,0.5153,0.168,0.76647,0.91336,0.024919,0.76746,0.54003,0.96554,0.54841,0.6248,0.25164,0.16867,0.20267,0.47876,0.41928,0.059828,0.30561,0.20451,0.33144,0.1113,0.15727,0.15648,0.98449,0.22529,0.54998,0.21103,0.70158,0.49912,0.5411,0.65348,0.70306,0.53127,0.94946,0.67287
0.9317,0.61787,0.41029,0.74248,0.60698,0.75937,0.36734,0.62641,0.41068,0.32548,0.14285,0.73314,0.18472,0.97214,0.12197,0.85959,0.70033,0.39695,0.29085,0.47929,0.73913,0.77517,0.88019,0.56565,0.027214,0.80825,0.54036,0.84347,0.79852,0.37614,0.62035,0.3235,0.071743,0.64943,0.78222,0.814,0.69317,0.96945,0.5796,0.63641,0.052395,0.15932,0.15012,0.56862,0.42172,0.84549,0.5846,0.69842,0.98666,0.25445
0.85385,0.35621,0.61394,0.53686,0.15816,0.14117,0.9786,0.98205,0.69931,0.59155,0.084976,0.1386,0.53287,0.8609,0.96728,0.74025,0.6277,0.62153,0.017749,0.5186,0.43003,0.64041,0.42031,0.81231,0.80475,0.78849,0.17476,0.77744,0.52382,0.4823,0.44389,0.28072,0.22198,0.037221,0.21538,0.0023441,0.92131,0.98969,0.23989,0.72028,0.90048,0.24378,0.62185,0.83879,0.90395,0.27442,0.26632,0.62501,0.080849,0.74611
0.82101,0.81615,0.47903,0.21008,0.39272,0.52,0.21016,0.45864,0.74654,0.87882,0.27317,0.33791,0.74773,0.13776,0.96842,0.51825,0.15522,0.87462,0.31788,0.11292,0.081848,0.71823,0.76332,0.72239,0.61114,0.91935,0.2037,0.48159,0.32177,0.97818,0.37024,0.98796,0.97317,0.25407,0.11188,0.29049,0.34455,0.93363,0.22263,0.85684,0.43717,0.9627,0.74878,0.361,0.80997,0.5664,0.68964,0.23763,0.8544,0.64414
0.80049,0.45709,0.42981,0.66285,0.87358,0.82399,0.68923,0.25921,0.34227,0.40513,0.72967,0.91195,0.24335,0.36459,0.11151,0.94125,0.68651,0.7677,0.79288,0.17324,0.25135,0.077035,0.70671,0.083493,0.48842,0.6883,0.60949,0.97463,0.44158,0.68881,0.75334,0.55229,0.33969,0.78847,0.89564,0.91025,0.31508,0.87319,0.53299,0.28699,0.87982,0.1164,0.40595,0.49803,0.45428,0.11064,0.43681,0.95679,0.73397,0.087959
0.39786,0.22993,0.011476,0.62876,0.35237,0.33104,0.51698,0.58535,0.26547,0.72222,0.40078,0.79103,0.95186,0.1249,0.70468,0.70762,0.83936,0.8095,0.28784,0.63477,0.88258,0.11649,0.88178,0.11422,0.67361,0.56222,0.50528,0.7208,0.61786,0.11972,0.012665,0.25993,0.51396,0.89522,0.73409,0.58637,0.40408,0.05483,0.9704,0.25279,0.77132,0.27379,0.045677,0.26734,0.50976,0.86184,0.32251,0.52871,0.56762,0.013764
0.29824,0.47626,0.76908,0.94775,0.71477,0.11073,0.73219,0.002876,0.3457,0.44407,0.86498,0.018151,0.82123,0.7164,0.13221,0.40554,0.083,0.27407,0.066214,0.56889,0.3514,0.9872,0.80274,0.98009,0.36998,0.64791,0.30596,0.62629,0.041986,0.14033,0.69716,0.32138,0.94134,0.92818,0.28764,0.24089,0.48329,0.7696,0.045657,0.20016,0.58371,0.31109,0.80961,0.86924,0.46843,0.89362,0.65531,0.2011,0.01637,0.87024
0.13672,0.94427,0.010274,0.54826,0.29518,0.65736,0.47389,0.44471,0.97853,0.77738,0.43756,0.39801,0.118,0.84992,0.7767,0.34492,0.47752,0.45375,0.29915,0.59515,0.82753,0.391,0.84656,0.7859,0.42113,0.30406,0.74724,0.61701,0.59718,0.065918,0.55568,0.9759,0.629,0.61509,0.87009,0.69474,0.69634,0.98162,0.56433,0.17512,0.83172,0.46767,0.088927,0.72214,0.025691,0.65899,0.86541,0.50683,0.055051,0.48059
0.14569,0.071243,0.37775,0.24412,0.13612,0.79992,0.37247,0.68118,0.55976,0.065238,0.8013,0.98014,0.57752,0.99371,0.51547,0.53746,0.18309,0.63374,0.75056,0.75582,0.42158,0.55131,0.5351,0.17096,0.16009,0.44189,0.69246,0.59973,0.77608,0.36062,0.88889,0.72327,0.15925,0.53677,0.4462,0.7571,0.88687,0.21113,0.058625,0.26397,0.02701,0.18707,0.49944,0.93883,0.071429,0.93565,0.37467,0.70323,0.81715,0.82162
0.97412,0.17236,0.94652,0.79156,0.13398,0.47018,0.13314,0.34789,0.79806,0.2116,0.61094,0.18428,0.27638,0.068456,0.94523,0.30087,0.17487,0.55077,0.93063,0.25409,0.32248,0.5664,0.67715,0.39393,0.57061,0.21177,0.125,0.77126,0.054787,0.31441,0.4257,0.75425,0.29622,0.22699,0.91147,0.033206,0.30269,0.82787,0.67891,0.75255,0.030373,0.16951,0.25622,0.50619,0.9954,0.70467,0.86418,0.060447,0.36816,0.74866
0.088079,0.68064,0.52677,0.55335,0.77065,0.14823,0.50174,0.27692,0.58256,0.91254,0.43824,0.31099,0.37446,0.063861,0.78455,0.60935,0.94749,0.55706,0.37342,0.81614,0.54904,0.49859,0.57061,0.26725,0.72953,0.43828,0.45823,0.6921,0.49548,0.35131,0.85171,0.44563,0.076524,0.58981,0.47587,0.37238,0.85734,0.53985,0.80309,0.5779,0.97389,0.2552,0.0019731,0.19295,0.76677,0.12995,0.21996,0.42272,0.13371,0.67182
0.19497,0.72702,0.046061,0.77757,0.90524,0.62181,0.70558,0.19316,0.97459,0.040443,0.66402,0.4951,0.22805,0.87233,0.61161,0.22831,0.61192,0.71267,0.6041,0.29567,0.2395,0.77038,0.20246,0.3246,0.24493,0.28472,0.45675,0.49404,0.50267,0.16275,0.085025,0.75636,0.96543,0.56522,0.90968,0.65017,0.62682,0.41436,0.090601,0.78096,0.41259,0.91661,0.0027559,0.152,0.040839,0.81458,0.11076,0.93117,0.51588,0.16319
0.76614,0.25186,0.0064578,0.90779,0.8672,0.65812,0.93715,0.7459,0.14249,0.0046419,0.28438,0.2527,0.78557,0.24841,0.90576,0.65438,0.32059,0.94822,0.33058,0.7518,0.71168,0.68483,0.49099,0.2884,0.8225,0.39075,0.87523,0.96673,0.84753,0.45307,0.1426,0.21688,0.58703,0.81169,0.88826,0.11768,0.59084,0.11352,0.20826,0.98637,0.63897,0.409,0.80222,0.90756,0.083428,0.124,0.66875,0.248,0.61886,0.61835
0.0021174,0.29836,0.5823,0.98044,0.12502,0.90433,0.77149,0.45779,0.67716,0.60371,0.076029,0.57135,0.42468,0.86885,0.013196,0.65501,0.4359,0.22232,0.65836,0.76357,0.42597,0.95948,0.5806,0.30695,0.74801,0.10659,0.80286,0.2758,0.99514,0.16371,0.66329,0.82353,0.99155,0.90741,0.11154,0.309,0.61695,0.70277,0.76013,0.1434,0.8672,0.65931,0.070837,0.92077,0.8859,0.78629,0.2111,0.30521,0.88881,0.40623
0.66551,0.2657,0.66115,0.032333,0.5495,0.88323,0.14599,0.28298,0.7589,0.0058957,0.39433,0.069105,0.37503,0.81996,0.33195,0.15165,0.32559,0.23777,0.12884,0.68588,0.39946,0.97592,0.34744,0.91988,0.53142,0.13187,0.95542,0.060629,0.7946,0.39646,0.19349,0.95202,0.13268,0.84938,0.0043808,0.17835,0.2881,0.95823,0.85186,0.89155,0.15872,0.21129,0.7454,0.59482,0.4346,0.6732,0.80477,0.97638,0.45127,0.48697
0.12885,0.61338,0.27079,0.55206,0.16879,0.29805,0.040092,0.67867,0.57161,0.15054,0.22072,0.91031,0.94733,0.19377,0.040604,0.58791,0.98688,0.32225,0.55139,0.48908,0.71377,0.023638,0.45931,0.7382,0.65601,0.090663,0.53981,0.97848,0.73859,0.27918,0.019176,0.063807,0.85615,0.0056829,0.14017,0.067068,0.34946,0.93462,0.23508,0.6366,0.35979,0.87047,0.57606,0.77043,0.28842,0.26458,0.11353,0.22,0.022939,0.72189
0.71716,0.64336,0.057582,0.0030555,0.77685,0.31768,0.069571,0.056837,0.90085,0.57853,0.36716,0.0258,0.15086,0.94885,0.91117,0.44366,0.60326,0.50261,0.26504,0.5514,0.27861,0.10286,0.47295,0.19775,0.41561,0.14038,0.51327,0.16083,0.4735,0.16929,0.51466,0.72752,0.19799,0.80715,0.78806,0.49283,0.10005,0.33656,0.77058,0.2453,0.96915,0.75553,0.15334,0.62881,0.30463,0.97513,0.80658,0.53322,0.86057,0.97239
0.81639,0.51265,0.14623,0.70791,0.52895,0.23138,0.2294,0.16267,0.41064,0.40661,0.75023,0.72663,0.074849,0.1388,0.3852,0.22859,0.33597,0.71656,0.31426,0.66165,0.79863,0.62579,0.63258,0.65632,0.84824,0.55123,0.16075,0.54733,0.40319,0.58702,0.70773,0.41914,0.30405,0.57782,0.8687,0.41049,0.94973,0.98,0.89854,0.88861,0.16206,0.18756,0.043772,0.8092,0.35888,0.11385,0.56583,0.13578,0.4773,0.20476
0.003054,0.75222,0.53713,0.9035,0.41524,0.49144,0.066684,0.77763,0.82186,0.42727,0.098266,0.74375,0.51521,0.37855,0.76299,0.67356,0.9179,0.073365,0.58101,0.3723,0.91267,0.37988,0.44356,0.35063,0.11407,0.46588,0.88858,0.84848,0.74391,0.38291,0.45157,0.13761,0.40275,0.38224,0.41409,0.62505,0.52693,0.75629,0.30924,0.32753,0.03208,0.31279,0.088901,0.9578,0.76939,0.32827,0.11668,0.55758,0.11973,0.25311
0.83619,0.41908,0.58095,0.43995,0.19721,0.56943,0.45369,0.78679,0.079739,0.1602,0.4832,0.015139,0.57401,0.11443,0.56364,0.38139,0.7524,0.74374,0.87314,0.12521,0.85926,0.20516,0.95824,0.46722,0.55784,0.55236,0.33526,0.51511,0.89943,0.33842,0.61508,0.54812,0.46163,0.51179,0.629,0.53246,0.42513,0.2959,0.36334,0.88511,0.20184,0.077478,0.3166,0.23018,0.70163,0.12856,0.72348,0.99089,0.48253,0.93382
0.12662,0.073776,0.31136,0.85057,0.028925,0.8773,0.080471,0.47709,0.97191,0.77339,0.57711,0.10674,0.55367,0.73821,0.26394,0.61694,0.018352,0.47694,0.44793,0.92798,0.35996,0.31439,0.11,0.043982,0.70056,0.74877,0.1675,0.014888,0.71647,0.53146,0.99891,0.0083106,0.61706,0.61097,0.68586,0.20078,0.63086,0.43371,0.071056,0.1965,0.8027,0.88919,0.059109,0.11234,0.49573,0.79373,0.30025,0.79216,0.94151,0.077615
0.27985,0.83732,0.34976,0.57025,0.39685,0.20181,0.79984,0.21861,0.70153,0.71775,0.31745,0.49858,0.63139,0.99189,0.52387,0.38503,0.70097,0.42707,0.75107,0.20614,0.67291,0.46324,0.28476,0.71721,0.69753,0.84883,0.39526,0.79251,0.70681,0.65822,0.0078896,0.16344,0.74121,0.69098,0.033004,0.27861,0.94818,0.47445,0.71661,0.99579,0.84176,0.53803,0.44525,0.029439,0.49501,0.44137,0.82678,0.88461,0.10588,0.27712
0.65401,0.12933,0.37262,0.74087,0.78952,0.61524,0.31047,0.2868,0.43695,0.145,0.79848,0.77075,0.17076,0.81566,0.90836,0.60471,0.42415,0.18314,0.75047,0.64332,0.29706,0.39721,0.50416,0.55653,0.91073,0.32326,0.21762,0.33233,0.46863,0.22459,0.84384,0.58884,0.64162,0.24506,0.63537,0.09902,0.56553,0.67718,0.22758,0.51988,0.23403,0.15236,0.46196,0.30259,0.39654,0.29297,0.86309,0.45696,0.74502,0.57752
0.18683,0.92497,0.94018,0.41763,0.15339,0.74338,0.77808,0.73643,0.31218,0.38284,0.11942,0.61478,0.19625,0.084539,0.59227,0.29981,0.076951,0.93959,0.5026,0.76572,0.8799,0.04892,0.2748,0.71598,0.30615,0.7563,0.043394,0.98117,0.4438,0.50853,0.36494,0.042305,0.16028,0.96763,0.95161,0.071516,0.72256,0.78667,0.79156,0.70577,0.18861,0.10239,0.5119,0.79652,0.85177,0.27686,0.92198,0.75259,0.44841,0.25829
0.95679,0.35546,0.79067,0.45597,0.79553,0.11011,0.57238,0.28153,0.077173,0.22065,0.57301,0.92331,0.94205,0.88808,0.20554,0.63748,0.014271,0.10043,0.53261,0.41099,0.68823,0.6492,0.16769,0.033343,0.36563,0.24211,0.52042,0.88606,0.58791,0.10461,0.61394,0.31225,0.88616,0.8755,0.47245,0.0049229,0.83127,0.37601,0.10063,0.75975,0.45973,0.56439,0.34221,0.14433,0.28162,0.89178,0.63307,0.95219,0.46424,0.79507
0.66738,0.042068,0.5455,0.4385,0.74297,0.74552,0.41696,0.76452,0.86436,0.19727,0.31651,0.56231,0.83684,0.70143,0.36098,0.79704,0.8571,0.086496,0.88222,0.04103,0.50898,0.55481,0.11902,0.87863,0.051673,0.87413,0.60354,0.88888,0.95339,0.1513,0.95676,0.45276,0.50823,0.23006,0.9763,0.8027,0.73798,0.45817,0.6071,0.6772,0.92538,0.69679,0.0083645,0.42681,0.89169,0.52782,0.084123,0.56009,0.82518,0.5746
0.46074,0.060884,0.50763,0.29555,0.54175,0.4845,0.9557,0.90009,0.76987,0.29653,0.49163,0.67848,0.96123,0.22016,0.63221,0.85676,0.41973,0.59375,0.10755,0.28562,0.745,0.58089,0.77351,0.6617,0.042257,0.16849,0.89444,0.79873,0.66034,0.28298,0.99856,0.9204,0.32153,0.71986,0.83253,0.094368,0.34419,0.16776,0.84076,0.038279,0.4672,0.91236,0.88252,0.03396,0.57012,0.97041,0.29931,0.60271,0.34194,0.27789
0.50536,0.35093,0.85831,0.53966,0.62465,0.61108,0.38279,0.010154,0.41541,0.28415,0.22348,0.33001,0.24305,0.59847,0.62171,0.97158,0.31976,0.8126,0.10898,0.86968,0.57126,0.73446,0.95151,0.96523,0.14802,0.071059,0.90834,0.86161,0.10571,0.025193,0.69909,0.76566,0.74508,0.24911,0.8387,0.41734,0.43366,0.010954,0.22819,0.76056,0.37333,0.25111,0.0092179,0.81184,0.38319,0.67798,0.75407,0.20727,0.63485,0.52839
0.92288,0.15244,0.66292,0.83166,0.29566,0.71216,0.72215,0.01445,0.86533,0.6465,0.96032,0.27286,0.61543,0.038778,0.16222,0.28717,0.17255,0.81479,0.045434,0.3974,0.60896,0.29463,0.17902,0.81584,0.82954,0.20497,0.20719,0.67255,0.83767,0.34148,0.50989,0.25793,0.7069,0.15657,0.06336,0.42955,0.68052,0.16537,0.77036,0.9819,0.48698,0.060983,0.562,0.013097,0.069593,0.86478,0.57003,0.66829,0.84997,0.63722
0.81644,0.56381,0.49172,0.20995,0.81031,0.83286,0.94294,0.32213,0.20109,0.69986,0.3857,0.92406,0.47623,0.36139,0.55382,0.6712,0.44562,0.63664,0.45742,0.91799,0.5328,0.072223,0.23724,0.93513,0.55887,0.28794,0.67992,0.67831,0.66439,0.62406,0.50482,0.13183,0.5762,0.26568,0.34414,0.73469,0.76981,0.15696,0.96821,0.94375,0.24414,0.085164,0.92109,0.10306,0.45134,0.15955,0.0044395,0.74782,0.89798,0.99983
0.46781,0.82093,0.97313,0.77092,0.19502,0.33499,0.76591,0.93774,0.58164,0.16438,0.60932,0.030322,0.10764,0.071619,0.11707,0.49101,0.21772,0.25869,0.33426,0.020381,0.71149,0.98488,0.62612,0.37523,0.50639,0.70447,0.15593,0.70491,0.4809,0.70927,0.2352,0.013943,0.05165,0.47234,0.81787,0.63786,0.93177,0.46613,0.80228,0.012694,0.013314,0.85854,0.20952,0.7972,0.81105,0.21146,0.98578,0.91293,0.77756,0.061699
0.52375,0.90107,0.083609,0.79276,0.084673,0.42102,0.16679,0.42143,0.96788,0.74804,0.98242,0.59021,0.16468,0.97419,0.68993,0.59906,0.74032,0.76036,0.58123,0.40929,0.14076,0.25994,0.566,0.816,0.39222,0.96224,0.52101,0.76072,0.37132,0.18305,0.36193,0.2216,0.79676,0.049811,0.69334,0.49595,0.54252,0.32779,0.35305,0.28728,0.2945,0.68768,0.75446,0.89081,0.80552,0.037413,0.8642,0.30091,0.099319,0.79
0.11877,0.55425,0.42531,0.29945,0.37393,0.75895,0.61918,0.77255,0.18643,0.17093,0.0094719,0.91349,0.8379,0.81773,0.76857,0.8793,0.34057,0.42631,0.80985,0.25497,0.31566,0.48859,0.56463,0.13969,0.31183,0.41744,0.63783,0.5592,0.72167,0.046808,0.19237,0.65431,0.0080399,0.065672,0.83441,0.49446,0.8429,0.41281,0.022237,0.75024,0.48481,0.59825,0.64673,0.68187,0.36183,0.6852,0.23551,0.6684,0.78009,0.35502
0.2039,0.98977,0.49684,0.99765,0.83194,0.064805,0.86637,0.66656,0.60351,0.70728,0.061533,0.10109,0.14149,0.62712,0.57803,0.4307,0.91546,0.6202,0.53328,0.7215,0.92885,0.51042,0.73203,0.46403,0.70248,0.075964,0.036951,0.61376,0.91684,0.1866,0.4413,0.9924,0.046212,0.51687,0.90856,0.21149,0.91998,0.44158,0.21541,0.18901,0.040061,0.53813,0.43699,0.98346,0.60701,0.87688,0.66078,0.91543,0.94097,0.51294
0.043075,0.99542,0.045041,0.32338,0.80971,0.81487,0.75524,0.3859,0.93045,0.27722,0.63869,0.7216,0.74563,0.35944,0.67452,0.19923,0.98712,0.1382,0.2442,0.62912,0.16942,0.12541,0.069175,0.1044,0.90435,0.040899,0.67017,0.93917,0.64526,0.93537,0.0099295,0.41857,0.19696,0.51441,0.18246,0.67893,0.30062,0.061188,0.6774,0.040554,0.91258,0.74574,0.15925,0.44941,0.92575,0.44093,0.24592,0.54646,0.62583,0.028371
0.94044,0.62748,0.048416,0.3566,0.87466,0.71144,0.049433,0.29786,0.10869,0.055111,0.49807,0.9494,0.28608,0.16392,0.39659,0.0218,0.18923,0.74308,0.26292,0.81447,0.022771,0.69884,0.36184,0.051118,0.47541,0.84868,0.68378,0.65204,0.78053,0.89487,0.96008,0.39306,0.00086885,0.79869,0.60219,0.58654,0.6131,0.78397,0.80798,0.41103,0.88346,0.68377,0.25834,0.058792,0.73831,0.85923,0.26496,0.54132,0.78712,0.34533
0.62206,0.60097,0.81555,0.0509,0.097103,0.62976,0.036866,0.32488,0.40524,0.66936,0.284,0.3929,0.45114,0.33363,0.27682,0.46159,0.8338,0.38658,0.29676,0.33417,0.99214,0.35205,0.53105,0.19303,0.97074,0.891,0.0030093,0.31755,0.74449,0.85797,0.92271,0.12275,0.91211,0.22875,0.13458,0.81387,0.47174,0.2848,0.7034,0.3343,0.68525,0.64266,0.088885,0.65383,0.10312,0.73288,0.81739,0.45745,0.45077,0.80876
0.95058,0.10184,0.6574,0.62746,0.72857,0.51764,0.17107,0.4914,0.075908,0.018784,0.085183,0.94621,0.74063,0.83709,0.30888,0.55914,0.060767,0.5327,0.25476,0.63254,0.98027,0.5835,0.73509,0.63546,0.068483,0.55192,0.75067,0.18095,0.14426,0.52237,0.90295,0.6053,0.50748,0.1179,0.81885,0.74265,0.29597,0.58829,0.99027,0.91696,0.089911,0.83019,0.4983,0.92166,0.41254,0.72775,0.71558,0.54647,0.047678,0.73139
0.24199,0.13188,0.52866,0.21968,0.16439,0.64755,0.70523,0.63226,0.36619,0.33785,0.21484,0.87709,0.57228,0.16275,0.19911,0.2587,0.15929,0.093517,0.43436,0.10921,0.098347,0.91881,0.94572,0.46274,0.17731,0.32494,0.77097,0.25482,0.88516,0.34736,0.28914,0.72035,0.99359,0.25971,0.48148,0.95014,0.70545,0.26543,0.3444,0.58595,0.40103,0.58811,0.58211,0.079774,0.98617,0.8348,0.13257,0.57822,0.20716,0.38749
0.3891,0.25271,0.53493,0.096687,0.95156,0.59873,0.95123,0.0022213,0.48636,0.70024,0.89284,0.34064,0.16507,0.84021,0.59012,0.60196,0.87273,0.94353,0.17321,0.29094,0.34164,0.46799,0.86684,0.56985,0.45514,0.84195,0.80957,0.26867,0.46727,0.98417,0.3217,0.95287,0.041439,0.85163,0.46619,0.97745,0.63579,0.078228,0.72909,0.1336,0.75029,0.43919,0.52587,0.64066,0.002002,0.98645,0.64658,0.98126,0.72186,0.44278
0.81705,0.98057,0.55055,0.52718,0.40729,0.042189,0.67325,0.6296,0.21565,0.71506,0.27024,0.87995,0.46744,0.36821,0.58823,0.8209,0.9049,0.60661,0.75735,0.91582,0.85927,0.20804,0.56588,0.81681,0.024078,0.94327,0.97686,0.8249,0.69587,0.32619,0.33823,0.23695,0.90965,0.53472,0.22528,0.92055,0.50988,0.76461,0.34505,0.68817,0.11822,0.60006,0.24013,0.32919,0.084378,0.41512,0.89778,0.41238,0.601,0.57221
0.42133,0.28798,0.4998,0.89383,0.96444,0.62848,0.73934,0.90118,0.72808,0.80677,0.76121,0.96516,0.15172,0.36198,0.99685,0.73443,0.88465,0.88868,0.16186,0.5319,0.58007,0.27291,0.40263,0.04032,0.41549,0.045339,0.61212,0.0073115,0.6665,0.52281,0.89695,0.2164,0.080374,0.09623,0.99411,0.89782,0.69538,0.44356,0.38402,0.50373,0.19763,0.9262,0.45849,0.15623,0.81447,0.69872,0.24758,0.091982,0.20155,0.50242
0.11968,0.96363,0.16599,0.11846,0.93702,0.97062,0.4774,0.6614,0.21804,0.65562,0.8179,0.4513,0.44061,0.88321,0.023062,0.91844,0.93159,0.76048,0.86782,0.89694,0.52662,0.69182,0.5906,0.10415,0.26639,0.68517,0.38812,0.80601,0.48211,0.9511,0.069389,0.68713,0.82971,0.73457,0.89122,0.67827,0.39798,0.36598,0.76109,0.69824,0.20479,0.017409,0.80141,0.86609,0.87886,0.76194,0.17697,0.99435,0.86324,0.60412
0.042895,0.17411,0.34909,0.62185,0.39104,0.68347,0.86557,0.23245,0.86646,0.080839,0.093718,0.9054,0.98873,0.88403,0.68047,0.39795,0.66035,0.24073,0.59482,0.5795,0.58287,0.23984,0.16232,0.47525,0.21885,0.65402,0.29406,0.48575,0.91833,0.98341,0.9796,0.74276,0.29103,0.36954,0.97484,0.92063,0.55052,0.79162,0.3405,0.57476,0.95507,0.26387,0.97042,0.64745,0.40488,0.47055,0.7624,0.049768,0.72358,0.48205
0.47444,0.89839,0.94679,0.96984,0.94358,0.56362,0.68744,0.079637,0.56307,0.78287,0.19963,0.20112,0.1896,0.56843,0.60808,0.83339,0.13713,0.97391,0.29156,0.50261,0.82896,0.63005,0.71434,0.45481,0.449,0.88869,0.61318,0.85862,0.0023172,0.10325,0.10236,0.51391,0.65777,0.38612,0.018975,0.49858,0.7547,0.045534,0.2251,0.94098,0.86715,0.27045,0.63514,0.94121,0.73145,0.87963,0.3499,0.096241,0.78654,0.058008
0.93746,0.33024,0.83122,0.28203,0.26275,0.5374,0.79575,0.14366,0.14099,0.36354,0.93406,0.63602,0.93368,0.21627,0.28016,0.85178,0.65574,0.063901,0.99917,0.89575,0.61515,0.045017,0.16341,0.60149,0.16255,0.88978,0.4325,0.97316,0.026327,0.61519,0.55142,0.22256,0.70023,0.83873,0.37496,0.3849,0.86337,0.97245,0.83378,0.38934,0.42073,0.58293,0.34185,0.43967,0.76259,0.064323,0.90186,0.9952,0.18573,0.44735
0.46817,0.40812,0.37154,0.79746,0.27982,0.38651,0.29922,0.5815,0.72386,0.27363,0.66722,0.79188,0.10881,0.32204,0.7378,0.13058,0.84892,0.85928,0.7952,0.62069,0.003896,0.61715,0.95958,0.34914,0.43695,0.48198,0.8574,0.26796,0.29056,0.14908,0.084123,0.47841,0.10105,0.3842,0.045005,0.29729,0.75592,0.23991,0.54453,0.87364,0.18247,0.71086,0.88329,0.35227,0.10526,0.57442,0.91833,0.3016,0.17676,0.32545
0.78005,0.33726,0.10847,0.16567,0.3531,0.56776,0.020002,0.044537,0.27969,0.69254,0.99612,0.50913,0.23549,0.1015,0.89806,0.86819,0.29017,0.13131,0.17461,0.83833,0.67749,0.41999,0.78111,0.76022,0.34162,0.82032,0.60483,0.9995,0.50854,0.77983,0.21836,0.060882,0.98925,0.86095,0.7942,0.080955,0.77348,0.67316,0.22108,0.045187,0.015138,0.67523,0.20771,0.7292,0.73736,0.43659,0.90334,0.010439,0.69012,0.14425
0.45466,0.80984,0.14615,0.1238,0.81633,0.10671,0.22339,0.58794,0.45733,0.91831,0.92751,0.81858,0.61156,0.081385,0.95571,0.60768,0.06617,0.7001,0.68833,0.66903,0.64945,0.8765,0.51546,0.35705,0.78363,0.16035,0.46666,0.94269,0.80945,0.87193,0.75144,0.40728,0.24307,0.79792,0.50955,0.01359,0.45878,0.0325,0.36628,0.27816,0.11855,0.35023,0.023631,0.55874,0.0073212,0.77586,0.030682,0.48476,0.31366,0.62381
0.95136,0.47984,0.44888,0.62936,0.97868,0.23019,0.54593,0.47237,0.89173,0.09305,0.15807,0.48719,0.25453,0.43251,0.63841,0.73178,0.59659,0.11228,0.30975,0.48078,0.44732,0.37778,0.94977,0.97062,0.58476,0.97547,0.14905,0.24598,0.070084,0.25655,0.077919,0.66995,0.33174,0.48949,0.76986,0.24493,0.078371,0.067654,0.13441,0.14777,0.047453,0.82941,0.29595,0.49473,0.38792,0.099606,0.14925,0.21345,0.44273,0.95488
0.2034,0.44176,0.93819,0.81118,0.64069,0.025567,0.048777,0.5616,0.28386,0.017924,0.87132,0.063068,0.94317,0.042532,0.28092,0.30557,0.010462,0.31422,0.56952,0.91191,0.58017,0.83973,0.35488,0.54737,0.62423,0.82531,0.37102,0.69734,0.68067,0.64955,0.61278,0.21241,0.61558,0.14655,0.58933,0.22869,0.65946,0.45676,0.88805,0.66405,0.82935,0.60268,0.85162,0.77159,0.35666,0.17982,0.96322,0.23724,0.68508,0.57143
0.11882,0.82689,0.049221,0.5888,0.75116,0.78302,0.28494,0.67488,0.3732,0.97587,0.61206,0.13117,0.41203,0.95725,0.58566,0.18738,0.8277,0.68927,0.18045,0.32047,0.27728,0.81753,0.03007,0.37115,0.74766,0.36458,0.16003,0.60575,0.66844,0.78907,0.50852,0.037579,0.79724,0.9405,0.92642,0.99785,0.061787,0.24835,0.5662,0.16757,0.90017,0.4561,0.98125,0.025589,0.54447,0.65653,0.60366,0.64176,0.16817,0.22
0.55311,0.14577,0.13945,0.56005,0.15247,0.14216,0.60639,0.41593,0.3344,0.5448,0.90777,0.30995,0.55096,0.2754,0.14817,0.7072,0.216,0.21801,0.79667,0.11077,0.8545,0.77303,0.53829,0.20612,0.97321,0.5131,0.15353,0.077623,0.92317,0.18833,0.32804,0.52776,0.042062,0.0023859,0.3765,0.61818,0.84718,0.96368,0.65037,0.68858,0.57642,0.47171,0.16505,0.85405,0.20312,0.62393,0.6665,0.17598,0.84963,0.61251
0.31634,0.00023046,0.054107,0.41545,0.75424,0.069292,0.3059,0.60803,0.87462,0.38681,0.22991,0.46042,0.22345,0.48506,0.92833,0.87034,0.5839,0.092865,0.83362,0.24708,0.67883,0.10652,0.36055,0.043173,0.95411,0.86633,0.14101,0.22926,0.8805,0.96617,0.68615,0.34495,0.91111,0.27521,0.9521,0.094499,0.5664,0.59262,0.34418,0.75683,0.20747,0.46507,0.21702,0.63555,0.7909,0.79284,0.58331,0.2316,0.90074,0.28485
0.47187,0.75427,0.73985,0.49431,0.5539,0.89729,0.95634,0.4814,0.60902,0.82745,0.53595,0.89625,0.24467,0.504,0.01207,0.76604,0.59905,0.22545,0.66935,0.3855,0.16833,0.63359,0.54961,0.58523,0.9487,0.18097,0.67205,0.40826,0.49626,0.838,0.09859,0.56797,0.00026461,0.0054916,0.0079723,0.49878,0.18382,0.7645,0.15129,0.50443,0.52312,0.63721,0.9895,0.77494,0.9088,0.19288,0.48789,0.7638,0.64996,0.0092565
0.075816,0.62388,0.04995,0.36296,0.51784,0.2282,0.87952,0.24164,0.2757,0.36577,0.80051,0.44652,0.64239,0.6346,0.8332,0.068103,0.7189,0.26372,0.49077,0.067302,0.64242,0.41432,0.65872,0.71849,0.59851,0.76881,0.15071,0.54329,0.12514,0.49297,0.65166,0.20981,0.77033,0.66551,0.51955,0.49361,0.18145,0.56167,0.97831,0.28556,0.15115,0.11732,0.068185,0.2956,0.60534,0.64776,0.46699,0.61043,0.52665,0.49808
0.92938,0.84452,0.30351,0.70315,0.27801,0.63953,0.12938,0.90403,0.7463,0.075251,0.64584,0.56985,0.080995,0.11215,0.96283,0.59693,0.11964,0.001043,0.23141,0.23526,0.55427,0.10878,0.30565,0.32811,0.097579,0.9465,0.64586,0.017672,0.1567,0.6339,0.20876,0.65266,0.40467,0.33786,0.81029,0.32207,0.76306,0.48636,0.4229,0.11636,0.29491,0.72989,0.41885,0.46142,0.26773,0.80214,0.74735,0.85232,0.2734,0.51897
0.18765,0.34245,0.024243,0.28857,0.75002,0.05277,0.62866,0.057667,0.3247,0.22457,0.44396,0.11074,0.38777,0.70094,0.80949,0.92686,0.54075,0.88862,0.17121,0.38865,0.48824,0.9563,0.40176,0.10349,0.19807,0.88718,0.06115,0.90337,0.37767,0.27808,0.32939,0.23361,0.64831,0.2642,0.80815,0.62996,0.73646,0.28727,0.15771,0.32307,0.46747,0.010434,0.71197,0.94221,0.11203,0.49218,0.21921,0.39047,0.64536,0.46815
0.077403,0.31071,0.98923,0.97265,0.43284,0.73559,0.81286,0.56748,0.10932,0.12629,0.16691,0.54941,0.095657,0.27276,0.11971,0.94429,0.041786,0.22967,0.60083,0.65676,0.07109,0.51894,0.16993,0.60125,0.39163,0.11277,0.79964,0.91739,0.085502,0.08964,0.56746,0.81301,0.22584,0.1494,0.30746,0.77072,0.9746,0.98303,0.20692,0.89023,0.96268,0.23732,0.27418,0.91678,0.22847,0.5485,0.6498,0.31022,0.52398,0.91414
0.92755,0.52084,0.16581,0.0022455,0.51649,0.33015,0.26613,0.4571,0.25334,0.50643,0.56693,0.21997,0.68114,0.24402,0.95203,0.67315,0.4455,0.37281,0.30337,0.11586,0.17115,0.75959,0.38591,0.68556,0.91241,0.81756,0.019379,0.30319,0.88041,0.8809,0.3083,0.78667,0.67786,0.79683,0.50269,0.83406,0.41246,0.63926,0.47568,0.72116,0.61808,0.72691,0.34575,0.71665,0.020257,0.99723,0.94013,0.71729,0.58193,0.77874
0.68913,0.94781,0.96034,0.78614,0.52253,0.7653,0.0089623,0.85855,0.48915,0.71445,0.34018,0.069125,0.039924,0.4616,0.34071,0.81364,0.60307,0.49938,0.29506,0.27421,0.26491,0.99108,0.18221,0.16974,0.46993,0.26252,0.70721,0.070249,0.58932,0.91417,0.37756,0.29108,0.8728,0.34405,0.50683,0.53925,0.33884,0.51818,0.58391,0.14857,0.41647,0.77031,0.10499,0.61693,0.84216,0.3523,0.93429,0.37259,0.98523,0.75865
0.60328,0.26722,0.59732,0.88249,0.35756,0.95028,0.57973,0.53834,0.41082,0.65775,0.74629,0.79721,0.44023,0.63472,0.46627,0.88277,0.7464,0.12419,0.0089694,0.90604,0.14036,0.14279,0.61927,0.4997,0.5335,0.94203,0.65156,0.23461,0.36832,0.63901,0.30871,0.49843,0.59842,0.99825,0.83527,0.26754,0.15148,0.80663,0.74188,0.041744,0.31662,0.76188,0.98941,0.10613,0.14874,0.33694,0.51459,0.79328,0.63728,0.66852
0.15139,0.33467,0.31847,0.27693,0.74213,0.28199,0.33651,0.55609,0.13753,0.84961,0.90841,0.7845,0.57619,0.87515,0.14102,0.74431,0.97083,0.34627,0.44017,0.034645,0.7063,0.382,0.93169,0.33424,0.89614,0.053622,0.24212,0.12496,0.22714,0.75885,0.344,0.59731,0.20858,0.89873,0.48583,0.41611,0.90276,0.01055,0.43863,0.58126,0.45453,0.24974,0.75669,0.78272,0.82695,0.8607,0.74662,0.057281,0.49576,0.84427
0.89119,0.79617,0.71584,0.30908,0.38676,0.74431,0.5661,0.942,0.74055,0.57836,0.92478,0.19106,0.21563,0.1199,0.16482,0.03136,0.14937,0.40372,0.012769,0.37314,0.62714,0.68629,0.63748,0.035668,0.86629,0.61621,0.9661,0.39182,0.29382,0.17075,0.45377,0.58274,0.5939,0.090097,0.091178,0.76497,0.72713,0.59104,0.58861,0.77344,0.44631,0.21165,0.64921,0.52463,0.53317,0.6469,0.72168,0.35523,0.30472,0.54649
0.71569,0.12962,0.78916,0.70562,0.94911,0.72628,0.19788,0.62204,0.050078,0.52832,0.72958,0.029575,0.19481,0.95472,0.94524,0.80644,0.93291,0.97488,0.48227,0.50112,0.93538,0.30968,0.72328,0.55165,0.83114,0.53787,0.30595,0.089651,0.23491,0.83306,0.76359,0.22467,0.31179,0.55709,0.38022,0.13462,0.33553,0.30674,0.62403,0.26555,0.70706,0.42145,0.55036,0.38214,0.62642,0.88971,0.65033,0.52452,0.77693,0.24693
0.90677,0.45712,0.52587,0.81375,0.98694,0.36762,0.62098,0.42347,0.28625,0.13852,0.0047622,0.1265,0.029436,0.020495,0.76351,0.24443,0.92785,0.35094,0.29383,0.98175,0.95766,0.49075,0.9523,0.71971,0.27585,0.379,0.036326,0.71864,0.91364,0.27766,0.71711,0.35689,0.10249,0.79305,0.14053,0.4277,0.62882,0.43697,0.30724,0.15143,0.67864,0.54366,0.84542,0.48562,0.3685,0.44915,0.24389,0.62159,0.56316,0.79175
0.040438,0.42197,0.59605,0.99072,0.72261,0.097851,0.026722,0.64361,0.35876,0.86482,0.55077,0.01606,0.10756,0.20026,0.81123,0.73493,0.92794,0.80278,0.48466,0.66868,0.18657,0.15605,0.10241,0.88999,0.34399,0.2371,0.14996,0.84119,0.69757,0.89886,0.068382,0.054706,0.97171,0.67063,0.091232,0.62753,0.53502,0.75083,0.55658,0.95724,0.78515,0.52996,0.62738,0.66487,0.0061397,0.69739,0.95309,0.14795,0.6638,0.086242
0.09132,0.17455,0.98007,0.18974,0.4917,0.92596,0.78359,0.38185,0.23934,0.23691,0.44786,0.27296,0.24373,0.31188,0.17517,0.32956,0.92327,0.22717,0.86963,0.13657,0.5836,0.40903,0.093546,0.34263,0.14199,0.29994,0.82228,0.68955,0.73541,0.95007,0.066878,0.0062452,0.30239,0.99768,0.63735,0.92248,0.54643,0.21033,0.85507,0.31934,0.059985,0.68512,0.67207,0.97878,0.6007,0.57451,0.32711,0.5027,0.27407,0.77907
0.31321,0.60453,0.56804,0.22778,0.35377,0.22469,0.033333,0.23191,0.83638,0.64437,0.98348,0.95057,0.31338,0.92073,0.28704,0.36103,0.63901,0.533,0.39672,0.59426,0.78524,0.93921,0.55558,0.60223,0.67716,0.19754,0.11083,0.51819,0.093163,0.023431,0.98888,0.51129,0.0078898,0.88368,0.86086,0.2839,0.29621,0.10778,0.90314,0.60104,0.021558,0.46786,0.25875,0.16517,0.58918,0.62768,0.37969,0.17784,0.27522,0.34595
0.46826,0.32592,0.9676,0.597,0.34556,0.17101,0.52544,0.47024,0.85788,0.91451,0.50775,0.13428,0.30742,0.063021,0.50564,0.2989,0.37872,0.32675,0.46556,0.38739,0.97459,0.044271,0.59586,0.92006,0.78863,0.87982,0.014404,0.38128,0.59409,0.52646,0.091805,0.10345,0.47898,0.98357,0.89671,0.4262,0.06231,0.63872,0.56197,0.93926,0.80677,0.11248,0.29083,0.44408,0.46273,0.69255,0.90992,0.49771,0.70032,0.66036
0.15708,0.21525,0.90029,0.70451,0.038811,0.079701,0.84684,0.28034,0.3966,0.97064,0.20622,0.98058,0.7481,0.41922,0.68871,0.80392,0.4413,0.70961,0.82284,0.92731,0.25552,0.14059,0.32154,0.15041,0.46402,0.65844,0.15432,0.55092,0.51899,0.92509,0.26758,0.60708,0.77673,0.74511,0.45973,0.98861,0.90756,0.72573,0.034606,0.028588,0.40488,0.18505,0.24426,0.77864,0.39818,0.74875,0.38337,0.0033995,0.3769,0.23894
0.5924,0.23253,0.80872,0.70345,0.16027,0.72906,0.65176,0.37007,0.24724,0.73534,0.48188,0.57654,0.71831,0.77339,0.85014,0.3473,0.12806,0.69328,0.8687,0.32727,0.58956,0.30255,0.28134,0.98438,0.38061,0.42306,0.15154,0.5446,0.57875,0.06421,0.94469,0.029403,0.17348,0.26736,0.93463,0.12375,0.10745,0.45909,0.39361,0.96607,0.73987,0.58647,0.25237,0.48984,0.69659,0.87367,0.29027,0.76567,0.242,0.40466
0.8709,0.95883,0.038353,0.34782,0.77036,0.3237,0.17584,0.14047,0.18844,0.66771,0.55792,0.64924,0.20128,0.75102,0.6155,0.027602,0.24739,0.37608,0.89093,0.49902,0.83114,0.42111,0.27443,0.046981,0.17676,0.49326,0.60165,0.12173,0.89727,0.70433,0.062905,0.28809,0.87251,0.54217,0.72051,0.85517,0.81608,0.20107,0.86546,0.24868,0.53324,0.10075,0.43203,0.60601,0.30877,0.54996,0.88607,0.037188,0.4715,0.75887
0.48411,0.17878,0.49145,0.1443,0.16374,0.92575,0.21374,0.8801,0.11206,0.05234,0.019221,0.9778,0.6759,0.49979,0.69053,0.54894,0.52087,0.57877,0.31868,0.54717,0.36179,0.50484,0.7108,0.5231,0.30056,0.25409,0.4459,0.71281,0.63298,0.0033507,0.93575,0.84193,0.35291,0.98937,0.37403,0.88234,0.82709,0.068731,0.92018,0.68439,0.9259,0.87659,0.13473,0.34903,0.46302,0.78514,0.81099,0.045248,0.33889,0.61276
0.52193,0.94241,0.97749,0.29489,0.80696,0.34576,0.63425,0.52522,0.0062975,0.74235,0.64187,0.20415,0.80922,0.047784,0.33385,0.13511,0.16113,0.39946,0.26096,0.72536,0.87914,0.015836,0.93526,0.0058847,0.71441,0.61541,0.24123,0.7179,0.20081,0.6709,0.17492,0.97497,0.71894,0.9936,0.11396,0.69557,0.96733,0.63171,0.57868,0.97124,0.88701,0.52727,0.23814,0.58291,0.30305,0.69601,0.15048,0.46828,0.22289,0.07333
0.99463,0.35912,0.86871,0.33413,0.14053,0.069384,0.43882,0.8527,0.46612,0.12036,0.54917,0.33964,0.5957,0.28241,0.40825,0.58187,0.69961,0.28222,0.37462,0.46872,0.22491,0.88196,0.81444,0.90796,0.96481,0.54545,0.31415,0.58296,0.9477,0.38986,0.16375,0.47363,0.99796,0.71879,0.35468,0.54138,0.87691,0.20827,0.99369,0.28416,0.54728,0.91183,0.9606,0.7459,0.1894,0.2474,0.04453,0.31087,0.38837,0.82914
0.16475,0.12109,0.72009,0.65255,0.85096,0.72119,0.70556,0.71364,0.6347,0.046321,0.19781,0.070155,0.2382,0.65547,0.32864,0.094936,0.94764,0.30142,0.2462,0.008156,0.24754,0.067874,0.36666,0.092749,0.14571,0.28063,0.40673,0.96599,0.43953,0.99738,0.18113,0.29781,0.31691,0.93899,0.57985,0.43948,0.25659,0.51926,0.54034,0.81395,0.87819,0.85797,0.17498,0.54019,0.67341,0.32746,0.41114,0.89588,0.13091,0.77968
0.80033,0.10046,0.33868,0.17021,0.47986,0.50908,0.22973,0.35435,0.75226,0.56358,0.44126,0.11796,0.40714,0.37165,0.5583,0.85518,0.29869,0.51411,0.99971,0.11145,0.95971,0.31237,0.24294,0.45287,0.36183,0.17273,0.75608,0.1415,0.28787,0.00062736,0.032503,0.4441,0.52618,0.30241,0.34368,0.46963,0.37071,0.18457,0.49358,0.67861,0.73894,0.012203,0.17167,0.41456,0.44732,0.80419,0.7199,0.13346,0.746,0.39606
0.67355,0.27974,0.53065,0.10191,0.58162,0.79689,0.37942,0.78306,0.83065,0.81157,0.11634,0.96278,0.36922,0.022559,0.38531,0.64852,0.023624,0.21127,0.059734,0.83808,0.022008,0.81145,0.89857,0.95609,0.625,0.46413,0.23029,0.03331,0.45535,0.18788,0.29435,0.12782,0.11479,0.037956,0.99574,0.24473,0.56129,0.6598,0.75247,0.68839,0.79299,0.34189,0.83032,0.29812,0.055811,0.36895,0.8598,0.29667,0.46581,0.4392
0.2806,0.60666,0.56787,0.62755,0.36614,0.44376,0.17876,0.54907,0.93545,0.75318,0.90621,0.16554,0.22752,0.037118,0.51484,0.409,0.021429,0.49504,0.96837,0.98429,0.67111,0.3297,0.28375,0.93304,0.084043,0.32058,0.58879,0.59078,0.73861,0.2147,0.68897,0.43959,0.35935,0.17501,0.33909,0.84282,0.14691,0.2144,0.084549,0.26936,0.88707,0.92518,0.023713,0.48574,0.1088,0.44613,0.27477,0.74766,0.43064,0.078135
0.76873,0.011823,0.78721,0.3937,0.20015,0.17355,0.84001,0.62624,0.32062,0.93419,0.17253,0.94051,0.52826,0.80235,0.81138,0.9896,0.18247,0.80724,0.58498,0.70254,0.66737,0.59453,0.16478,0.90905,0.2298,0.41974,0.81477,0.23774,0.0093994,0.0419,0.36937,0.75365,0.57464,0.91875,0.38758,0.30674,0.55324,0.91033,0.52302,0.20827,0.67851,0.46904,0.64999,0.72241,0.16216,0.85616,0.28223,0.46149,0.14604,0.53784
0.2217,0.76121,0.11481,0.47185,0.21788,0.94703,0.15134,0.4524,0.64707,0.19366,0.66836,0.89035,0.30702,0.27581,0.026218,0.46573,0.64503,0.22621,0.99936,0.40047,0.53164,0.82574,0.16779,0.52639,0.69194,0.68858,0.60562,0.93733,0.30509,0.94566,0.51909,0.54428,0.64178,0.81155,0.69903,0.29872,0.13985,0.87552,0.020589,0.66922,0.63557,0.73273,0.94997,0.51545,0.83672,0.53959,0.85968,0.72918,0.49465,0.16419
0.88314,0.12207,0.96409,0.40449,0.64879,0.20692,0.99601,0.66415,0.99135,0.27113,0.51266,0.14099,0.093517,0.063828,0.13713,0.89108,0.33317,0.27277,0.97453,0.89451,0.97992,0.2619,0.71487,0.33714,0.97721,0.017682,0.61088,0.79157,0.84987,0.7143,0.027111,0.83254,0.45604,0.33683,0.94257,0.91657,0.26585,0.74156,0.6618,0.91752,0.52661,0.7866,0.77595,0.73226,0.042394,0.60087,0.38001,0.40657,0.38285,0.68006
0.44323,0.84071,0.66685,0.99174,0.77451,0.58054,0.14787,0.56797,0.97493,0.25489,0.32466,0.72894,0.21941,0.3476,0.29882,0.21899,0.27876,0.61852,0.77243,0.024685,0.47061,0.4365,0.67486,0.59683,0.33207,0.83581,0.81741,0.64885,0.92464,0.19086,0.83573,0.59939,0.54539,0.59883,0.40893,0.75704,0.62057,0.3286,0.92833,0.77028,0.92776,0.50088,0.31518,0.81128,0.71014,0.54244,0.81728,0.56096,0.89033,0.44004
0.79117,0.58553,0.76034,0.97278,0.89604,0.43907,0.89853,0.69752,0.29974,0.89331,0.60863,0.51111,0.59457,0.056955,0.99975,0.12749,0.85504,0.44188,0.99216,0.66887,0.12264,0.21648,0.11734,0.43205,0.78966,0.015002,0.154,0.58902,0.030561,0.86285,0.82734,0.84045,0.65537,0.14998,0.74905,0.62975,0.87413,0.87938,0.84224,0.98612,0.34556,0.89431,0.3513,0.3957,0.081884,0.0013256,0.21811,0.55018,0.93315,0.68231
