3.5129,-0.83293,2.5294,-0.84216,-4.2758,-1.0738,-6.1003,-5.4546,1.4632,-3.2688,3.1972,-1.3494,-4.0337,1.0618,1.6292,-0.12529,0.8254,-0.8029,-0.57117,3.1069,0.8366,6.1211,1.7353,0.24275,2.3476,2.9797,1.725,4.2757,8.6383,-1.2221,-2.2646,-2.322,-4.3697,3.1666,-3.0436,-2.2051,2.1298,-3.6539,-4.0008,7.1384,0.24108,-6.5016,2.342,-0.18818,-2.6656,5.4039,-2.6341,-3.7704,0.55025,7.1539,2.0059,-4.4766,-3.3613,0.8251,4.9555,-1.1781,-4.0015,1.083,1.9271,3.2916,-1.0963,7.3893,-2.2092,-1.9021,0.083043,0.73135,-1.9668,-5.4253,-0.84453,3.0235,-2.092,0.7592,1.3351,0.68125,-4.955,-6.5907,-1.8788,-1.7222,0.44504,0.54541,2.1878,2.6251,-0.13758,-0.44063,2.9782,-7.431,-1.6486,3.1826,-5.2291,2.0652,2.3585,2.0122,-0.45171,2.1349,2.3864,1.4108,1.2485,0.0994,-0.84865,-4.6023
0.6,1.9113,-1.476,-2.3724,0.13924,0.20539,4.8767,1.9865,1.6572,1.2638,0.21829,-0.046798,2.3458,-1.1013,-1.0047,0.85449,0.24823,2.2019,-0.75545,0.30691,-2.25,-4.069,-1.264,0.3253,-1.2459,-1.9993,-0.57348,-0.42806,-1.611,1.378,0.16829,-0.17123,2.3517,-1.6838,-0.60456,0.17815,0.60013,2.0578,1.7495,-1.7746,1.5851,0.1436,-2.0248,1.5292,1.6062,0.24938,-0.626,1.2629,-0.20531,-2.8281,0.85122,1.6366,0.81645,0.50514,-0.013392,-2.1428,2.5144,0.35951,1.0891,-0.73852,-0.14211,-2.8184,1.4712,1.5385,0.64162,0.15571,-1.394,1.6961,-1.0103,0.22109,-0.57843,-1.3191,-1.6983,0.93992,1.2687,2.723,-1.0296,0.46158,-1.2801,0.26791,-1.1192,0.8813,-0.26208,0.19443,1.0117,0.79146,3.0385,-1.6176,0.023778,2.4111,0.24678,-1.9065,-0.47581,-0.15898,-1.8978,0.0073144,-0.44421,-1.9112,-1.9664,1.5585
7.9896,-2.9157,4.1955,1.8591,-0.59415,-3.9941,-1.6946,-8.1003,-1.9383,-3.8361,2.6747,-2.141,-0.7386,3.5825,1.7315,2.0319,0.024683,4.8771,-3.5203,4.8014,-0.50251,7.9569,1.1816,3.0659,4.178,-1.5663,4.8147,-1.0009,-0.80016,0.40048,-0.51239,-3.5668,-2.1826,0.85782,1.0169,-1.5588,3.0109,0.10261,-2.4922,-3.4853,1.9239,1.2719,-2.5626,1.6878,-3.6321,1.7134,-0.31688,-4.2726,0.10757,-0.47415,-0.30158,-6.6842,-1.9758,-2.8811,0.35416,2.482,-1.6046,1.2977,1.8555,2.572,3.4498,5.272,-1.09,0.8161,4.8387,1.5928,-2.1469,-4.596,-4.1507,-0.25674,-3.2182,-1.1357,-0.34277,-2.086,1.0358,-9.4257,-1.4058,-1.6881,-1.4732,1.8161,-4.9043,3.8611,-3.5687,-2.6847,0.6095,-2.7376,-2.487,5.5131,-2.0938,-0.81495,0.12203,4.0945,1.108,-0.89039,2.4527,1.5899,2.2418,2.5475,-0.6901,-0.60451
-1.683,-0.29054,-0.19682,0.92014,0.25936,0.89776,-1.8557,0.78203,-0.69382,0.09499,-0.68903,0.55031,-0.79959,-0.14368,0.098757,-1.0312,-0.13629,-1.8388,0.96325,-1.333,0.77785,0.67337,0.51975,-0.70889,-0.25588,1.0938,-0.75211,0.21839,0.81229,-0.42621,0.32482,0.72785,-0.7743,0.40842,0.20245,0.02023,-1.237,-0.85659,-0.24731,1.4577,-0.79701,0.036984,1.4691,-1.0595,-0.45716,-0.60019,0.41874,0.16956,-0.00092831,1.256,-0.45788,0.77879,0.1708,0.37555,-0.21275,0.74048,-1.1698,-0.4858,-0.77652,-0.24603,-0.59864,0.093668,-0.47158,-0.86522,-1.0356,-0.21526,1.1569,0.1668,1.3953,-0.14043,0.84251,0.7455,0.99308,0.073675,-0.65097,0.60518,0.5726,0.030331,0.86397,-0.4731,1.7621,-1.1974,0.9299,0.39785,-0.80362,0.45145,-1.1478,-0.40557,0.47995,-1.0066,-0.16438,0.15995,0.27027,-0.10074,0.25856,-0.24517,-0.32456,0.36293,0.92058,-0.56937
0.25332,-0.86424,-0.19058,3.2389,3.1136,1.4705,0.052404,1.0996,-3.9867,-0.31955,-1.6069,1.16,1.2752,0.9152,-0.11432,-1.9864,-0.59034,0.58934,-0.26885,-2.7873,-1.8101,3.2253,1.3667,0.34515,0.077911,-1.2586,-0.43233,-2.8791,-3.3075,1.9094,3.0041,0.29233,-0.63095,-1.7426,2.5659,-0.87847,-3.625,1.1805,0.91945,-2.5633,1.5359,5.2698,0.15931,-0.76758,-3.3568,-3.2374,1.8709,-0.2464,-0.64999,-2.4103,-2.2242,1.8804,1.8875,-0.57293,-3.0518,3.6688,-2.3464,-0.98743,-0.5192,-1.2667,0.95377,-2.1657,-0.081751,0.031962,1.6507,1.034,2.0281,1.1378,1.3334,-2.0174,0.42289,-0.3289,1.4207,-0.26945,2.4115,0.2976,-0.14293,-0.38362,0.26312,-0.13487,1.3555,-1.3995,0.65212,-0.48764,-3.301,4.3441,-2.9926,-0.35924,2.4686,-2.6358,-1.2658,1.2699,2.5422,-3.4442,-0.67677,0.10894,-0.69851,1.123,0.44729,1.1576
1.3671,0.069291,1.0047,-2.574,-2.3862,-2.7657,0.93543,-2.5215,3.253,-0.03864,1.73,-1.6432,-0.59174,-0.027658,0.29634,2.9622,0.39491,1.1515,-0.70151,3.8552,1.7899,-2.5154,-1.6025,0.59296,0.73327,0.067615,1.6912,1.5739,0.81105,-1.7462,-2.8869,-0.83574,1.1769,1.3968,-1.53,1.1486,4.4675,-0.28514,-0.77404,-0.49358,-1.2692,-3.4596,-1.695,1.4175,3.2753,2.5293,-1.3431,-0.11459,0.61708,0.48036,1.7122,-3.1981,-1.8289,-0.67866,2,-2.7516,3.2068,1.2084,0.54208,1.3495,0.50628,2.1686,0.30722,0.75079,-0.23816,-0.86198,-2.3299,-1.3052,-2.6445,1.2114,-0.90346,-0.17223,-2.0427,-0.72919,-0.87347,-1.7674,0.35271,0.35956,-0.86862,0.60209,-3.913,2.0493,-1.9482,-0.27124,2.9364,-3.5794,2.8257,1.465,-1.8659,1.8579,0.70265,-0.49547,-2.3213,2.9311,1.0185,-0.016826,1.2239,-0.25742,-0.32682,-0.16404
-1.2915,-0.37986,0.43573,-0.48681,-1.1797,-0.7717,-1.679,-0.68114,1.2493,0.14248,0.21687,-0.40335,-1.3719,-0.17756,0.31987,0.73068,0.061722,-1.5606,0.76474,0.88652,2.2813,-0.91303,-0.46067,-0.49159,0.17021,1.3934,0.20594,1.224,1.3357,-1.7582,-1.518,0.41414,-0.10888,1.4412,-0.66505,0.88721,1.4474,-1.2295,-0.78624,1.2947,-1.95,-2.1151,0.66508,-0.4025,1.7075,0.79713,-0.28268,0.20018,0.41541,1.7716,0.49987,-1.1688,-0.97246,-0.060294,0.93994,-0.83091,0.78156,0.17646,-0.7101,0.54736,-0.34307,1.4923,-0.36709,-0.56153,-1.4789,-0.89463,-0.036393,-0.58761,-0.019302,0.54237,0.52177,0.84247,-0.1432,-0.48513,-1.294,-0.37659,1.0708,0.32338,0.51759,-0.20211,-0.5446,-0.20416,-0.17753,0.30977,0.87442,-1.6863,0.43429,0.47943,-0.5083,-0.1598,0.18442,-0.11788,-1.2269,1.8292,1.0343,-0.36525,0.42181,0.36576,1.0431,-0.73156
1.2601,0.44914,0.2248,-1.711,-1.0224,-1.3278,1.76,-0.95185,1.7693,0.123,0.97458,-0.83521,0.40847,-0.13597,-0.074784,1.6149,0.2512,1.4483,-0.74098,2.0078,0.013992,-1.7923,-0.97477,0.53092,0.18171,-0.66298,0.82142,0.50092,-0.13237,-0.27954,-1.1963,-0.63302,1.0553,0.13173,-0.79405,0.41879,2.2388,0.49836,0.042664,-0.89742,0.087306,-1.3779,-1.4666,1.1655,1.6224,1.2807,-0.79783,0.060647,0.20307,-0.64701,0.97902,-1.2493,-0.65106,-0.28431,0.89426,-1.6791,1.9855,0.70091,0.69488,0.5112,0.3577,0.39662,0.5036,0.82389,0.38854,-0.20751,-1.5494,-0.33217,-1.6664,0.58609,-0.7662,-0.54512,-1.3873,-0.1233,0.048879,-0.49708,-0.27828,0.17778,-0.84454,0.44604,-2.2412,1.3794,-1.1015,-0.2138,1.6002,-1.4693,1.9632,0.45511,-0.94053,1.4997,0.39906,-0.54334,-1.051,1.1337,-0.0060272,0.10275,0.51212,-0.55596,-0.80201,0.34086
-1.8606,1.5673,-1.4863,-1.9268,-0.61148,0.90804,1.6663,2.4127,1.8712,1.3302,-0.18963,0.31256,0.49533,-1.4715,-0.69666,0.0074912,0.23681,-0.81016,0.75419,-0.59598,-0.2764,-3.7106,-0.85038,-0.80886,-1.4589,0.20252,-1.382,0.93647,0.88943,-0.039954,-0.44665,0.73981,1.1864,-0.29881,-1.1477,0.4724,0.074979,0.19866,0.85573,1.3722,-0.23314,-1.6657,0.20827,0.14249,1.9132,0.53136,-0.62785,1.4044,0.044443,0.11774,0.88886,1.8395,0.28577,1.1619,0.76886,-2.1223,1.3736,-0.0099413,0.073664,-0.53419,-1.2831,-1.5588,0.65561,0.13474,-1.43,-0.51019,-0.33384,1.2968,0.57581,0.70879,0.49728,-0.01221,-0.59954,1.0223,-0.63917,3.0831,-0.075534,0.56822,-0.019278,-0.36793,0.99597,-0.38325,0.82801,0.8836,0.92746,-0.21416,2.0985,-1.8368,-0.19315,1.642,0.43703,-1.8753,-0.91818,0.91377,-1.0628,-0.36081,-0.59067,-1.5602,-0.61382,0.15913
5.7903,-4.6409,5.5533,3.1188,-1.7966,-4.7734,-6.9546,-9.8798,-1.87,-4.4249,2.5492,-2.4083,-3.8308,4.0762,2.7255,2.063,-0.12306,1.4009,-1.9965,5.2253,3.5914,9.6607,1.5805,2.1814,5.0887,1.3984,5.2392,0.53004,1.634,-2.4679,-2.1432,-2.8088,-3.9013,3.5328,0.82616,-0.65625,3.8874,-2.6629,-4.4521,-0.82728,-1.3984,-0.92214,-0.28164,0.038236,-2.8781,2.1486,-0.052605,-4.7712,0.67881,3.3704,-0.47258,-8.7826,-3.4512,-3.2408,1.2027,3.1926,-2.553,1.1287,0.16272,3.5244,3.097,8.5918,-2.5001,-0.92887,2.6209,0.46307,-0.98504,-6.1913,-3.2164,0.071285,-2.0558,0.77493,0.78762,-3.2474,-1.1956,-11.372,0.59819,-1.5964,0.090502,1.3171,-4.4813,2.7589,-3.4122,-2.3969,0.64555,-4.8037,-4.2239,6.9575,-2.4275,-2.8482,0.060337,5.2229,0.16483,1.1143,4.8267,1.1074,2.9029,4.2907,1.9486,-2.4185
0.43941,-1.3913,1.0354,1.7307,0.7678,-0.76352,-1.3778,-1.4195,-1.4852,-0.61767,-0.30915,-0.13806,-0.42146,1.032,0.48711,0.11677,-0.31711,0.037779,-0.17996,0.18896,0.98647,2.1,0.39947,0.39878,0.94087,0.019229,0.90801,-0.96705,-1.4253,-0.43869,0.23837,-0.069444,-0.5402,0.34601,1.2177,0.20605,-0.047389,-0.18097,-0.46459,-1.5539,-0.59387,1.6423,-0.088728,-0.37283,-0.75321,-1.0323,0.87158,-0.58104,0.023064,-0.3491,-0.93914,-1.23,-0.072554,-1.0815,-1.0725,1.8063,-0.50802,-0.15077,-0.67725,0.14291,1.0586,0.80398,-0.43607,-0.15125,0.57921,0.0056218,0.70729,-0.51914,-0.19261,-0.87154,0.15729,0.28547,0.411,-1.1243,0.72659,-1.7553,0.76521,-0.13142,0.24317,0.1069,-1.1069,-0.2718,-0.62406,-0.53758,-1.0307,0.72928,-1.5744,1.23,0.79829,-1.8872,-0.6678,1.3046,0.47643,-0.48596,0.95434,-0.045245,0.42715,1.4938,1.1185,0.19201
0.92668,1.2144,-0.85824,-1.3297,0.11512,0.33812,2.911,1.0547,0.7215,0.48455,0.27969,0.0229,1.4883,-0.55518,-0.58204,0.22635,0.19271,1.6429,-0.67763,0.07905,-1.9638,-1.7093,-0.46871,0.31944,-0.65402,-1.3437,-0.33287,-0.27374,-0.64684,1.2578,0.40287,-0.36732,1.0852,-1.196,-0.4069,-0.3343,0.019704,1.2929,0.98308,-0.81131,1.5364,0.20406,-1.1643,0.98078,0.23408,0.30888,-0.48701,0.43135,-0.20855,-1.6233,0.50773,1.0635,0.54115,0.42593,0.0939,-1.1232,0.91886,0.22303,0.99168,-0.37538,-0.11645,-1.5972,0.81249,0.90968,0.7778,0.41071,-0.93176,0.80422,-0.59045,0.20842,-0.62606,-0.95929,-0.83297,0.79115,0.73135,1.3158,-1.0743,0.051948,-0.8539,0.23778,-0.2276,0.73612,-0.053728,0.02016,0.54834,0.43171,1.5416,-0.92154,-0.22078,1.6419,0.27691,-0.97492,0.057535,-0.4855,-1.2801,0.2115,-0.32564,-1.2643,-1.5399,0.77606
-1.1795,1.7487,-1.6969,-1.1142,-0.22592,2.3155,0.77058,2.7687,0.55011,0.63386,-0.22768,0.90272,0.44963,-1.3231,-0.66352,-1.6331,0.28978,-0.86269,0.6428,-1.9456,-1.9771,-1.1837,0.3714,-0.87906,-1.4675,0.29292,-1.9621,0.92196,2.2647,1.2374,0.86229,0.40152,-0.207,-0.82148,-1.1392,-0.94656,-1.9586,0.0065436,0.66337,3.004,1.2862,-1.1057,1.236,-0.28547,-0.70478,0.55296,-0.7003,0.59325,-0.27064,0.91627,0.5762,2.8859,0.70852,1.8696,0.86415,-1.1829,-1.1897,-0.32787,0.70347,-0.60204,-1.8089,-1.5319,0.23432,-0.3787,-0.80132,0.40396,0.10741,0.92995,1.5714,0.82265,0.15722,-0.1581,0.58715,1.9012,-1.0164,2.7797,-1.2479,-0.10122,0.20585,-0.43812,3.6345,-0.52735,1.8289,0.86736,0.17177,0.16758,0.58674,-2.1478,-0.53953,1.7221,0.7275,-1.3743,0.40636,-0.52858,-1.5451,0.13557,-1.0816,-1.8442,-1.3014,-0.58006
0.6889,-2.9103,2.5133,2.2847,0.4956,-3.0758,-2.3671,-3.8,-1.234,-0.88429,-0.09461,-1.0708,-1.2219,1.9482,1.0922,1.9429,-0.54055,0.13246,-0.3583,2.2157,3.6667,2.1424,-0.2997,0.90081,2.108,0.26122,2.5793,-1.2807,-3.0436,-2.2672,-1.196,-0.12798,-0.11474,1.5716,1.8947,1.5553,2.3355,-0.56454,-1.1827,-3.7808,-2.5982,1.7014,-1.0053,-0.22959,0.93268,-1.2471,1.3614,-0.7666,0.4363,-0.63329,-1.1743,-4.0206,-1.0114,-2.688,-1.4794,2.266,1.2124,0.20748,-1.632,0.77764,2.4374,2.4391,-0.65115,0.045573,0.52778,-0.81631,0.56685,-1.3156,-1.5742,-1.3703,0.32598,0.74254,-0.32183,-2.9444,1.1642,-3.8979,2.3713,0.21185,0.23593,0.37265,-4.6167,0.041502,-2.2781,-1.0822,-0.74958,0.0096523,-1.5807,3.0807,1.1653,-3.3308,-1.2488,2.2083,-0.52489,0.83324,2.5914,-0.3968,1.4905,3.1106,2.6568,0.56172
5.1659,2.0942,-0.87995,-2.6423,0.6587,-0.67843,7.8695,0.20662,0.95336,0.20637,1.3697,-0.65685,4.1865,-0.14401,-1.0521,1.538,0.39204,6.4316,-3.1346,1.8045,-5.3809,-2.2376,-1.0625,2.0669,-0.33665,-4.6046,0.88916,-1.7511,-3.3585,3.5684,1.1024,-2.073,2.6595,-3.2138,-0.20515,-1.1177,1.0925,3.9733,2.1444,-4.6899,4.6987,1.974,-4.5034,3.3157,-0.34772,0.72603,-1.019,-0.033225,-0.56501,-5.5352,0.93163,0.63146,1.0715,-0.22833,-0.33527,-1.8029,2.4725,0.97817,3.0466,-0.40133,1.3028,-3.0948,2.0259,3.0251,3.982,1.5745,-3.0629,1.0274,-3.1869,-0.0060952,-2.6411,-3.0836,-2.584,1.0673,3.0853,0.5475,-3.0553,-0.27043,-2.9211,1.2947,-3.0786,3.1431,-1.6442,-0.98652,1.2958,1.0664,3.3405,-0.5934,-0.65915,3.6623,0.41628,-1.1913,0.59914,-1.8698,-2.6666,0.97538,-0.085828,-2.264,-4.1578,2.4963
1.0288,0.026495,0.061817,1.222,-0.047397,1.9465,-2.6057,-0.16453,-1.7528,-1.4129,0.25197,0.72732,-0.87348,0.33784,0.32091,-2.483,0.15658,-0.65122,0.0030186,-1.6806,-1.954,4.5179,2.0404,-0.22987,0.29024,0.84332,-0.69693,0.66348,3.3309,1.4223,1.506,-0.62259,-2.7327,-0.12055,-0.37767,-2.2324,-2.727,-1.0243,-0.92818,3.6106,1.8726,-0.19028,2.1013,-0.87477,-4.0483,0.67555,-0.37578,-1.6234,-0.34124,2.4584,-0.24752,0.91322,0.10583,1.1549,0.80383,1.2984,-4.3503,-0.38897,0.93274,0.34343,-1.007,1.1808,-1.0229,-1.1954,0.60725,1.2861,0.59818,-1.274,1.5596,0.55967,-0.5585,0.10847,2.0518,1.2874,-1.4044,-1.2715,-1.7054,-1.1537,0.5896,-0.12951,4.3044,-0.10344,1.5502,0.0039672,-0.78554,-0.4788,-2.5917,-0.024577,-1.1198,0.13894,0.69436,1.0348,1.7889,-1.6523,-0.2123,0.81773,-0.54827,-0.25499,-0.80612,-1.8256
-2.2733,-1.1871,0.16922,2.275,1.2343,0.61231,-2.4784,0.61593,-1.8486,0.13951,-1.3998,0.68752,-0.84193,0.35401,0.26021,-1.0444,-0.4676,-2.1954,1.1665,-1.7495,1.6902,1.2919,0.60354,-0.65361,0.033595,1.061,-0.48802,-0.79874,-0.94805,-0.81399,0.67151,1.1502,-0.71674,0.45066,1.358,0.53281,-1.6087,-0.78506,-0.16467,-0.085879,-1.5589,1.735,1.4379,-1.5078,-0.5143,-1.9924,1.3722,0.32137,-0.013515,0.51481,-1.3597,0.56094,0.48309,-0.37992,-1.4912,2.1209,-1.1158,-0.79051,-1.6773,-0.56032,0.095676,-0.15414,-0.5957,-0.931,-1.0008,-0.43534,2.0723,0.48926,1.6202,-1.068,1.4154,1.0536,1.2516,-0.78839,0.21209,0.36448,1.5263,0.20325,1.1718,-0.57677,1.0092,-1.9432,0.6831,0.2034,-1.9121,1.7864,-2.1267,-0.027637,1.705,-2.7027,-0.91431,0.77436,0.56157,-0.5218,0.7315,-0.53623,-0.21758,1.4319,2.0326,-0.029845
0.60135,-0.41161,0.86674,-1.068,-1.1244,-2.0409,0.3333,-1.7899,1.64,0.014206,0.8058,-1.0513,-0.42114,0.22869,0.2807,2.0279,0.09703,0.59216,-0.36466,2.4178,1.7119,-1.4442,-1.0668,0.42736,0.6399,0.029682,1.2856,0.54763,-0.3752,-1.4059,-1.8022,-0.33936,0.8551,0.97679,-0.44686,1.0687,2.8705,-0.15348,-0.47567,-1.1495,-1.2805,-1.4874,-1.1798,0.7366,2.2428,0.99884,-0.42036,0.020314,0.41738,-0.067466,0.70475,-2.2893,-1.0848,-0.85577,0.69886,-1.1784,2.2495,0.66705,-0.10773,0.75165,0.70355,1.3357,0.15363,0.48327,-0.16148,-0.7156,-1.1155,-0.70697,-1.6897,0.34441,-0.30856,0.045266,-1.273,-0.94879,-0.14483,-1.3033,0.75053,0.34656,-0.43314,0.35384,-3.0788,1.0045,-1.4602,-0.27954,1.4355,-1.746,1.4445,1.1848,-0.62844,0.39039,0.086868,-0.035619,-1.4496,1.7984,0.93806,-0.17152,0.89024,0.37473,0.36134,0.17908
-3.1985,-0.29259,-0.59818,2.0841,0.27445,2.9513,-4.9129,1.8481,-1.8811,-0.33146,-1.2354,1.5114,-2.0732,-0.38758,0.26612,-3.3412,-0.13223,-4.2568,2.1011,-3.5931,0.5829,3.0487,1.9529,-1.7141,-0.60441,2.7688,-2.1091,1.0709,3.7133,-0.20204,1.2652,1.2613,-2.8188,0.79676,-0.079636,-1.033,-3.8107,-2.3131,-0.90142,5.2258,-0.73496,-0.51578,4.145,-2.5741,-2.6384,-0.64417,0.47573,-0.28237,-0.14859,3.9945,-0.83045,2.2899,0.37039,1.591,0.24548,1.7082,-4.3839,-1.1588,-1.0564,-0.35123,-2.0037,0.6628,-1.3992,-2.383,-2.091,0.11874,2.5418,-0.1783,3.7146,0.20972,1.4854,1.5926,2.9636,1.0096,-2.2813,1.0393,0.25686,-0.44455,2.0641,-1.0883,5.9897,-2.5025,2.8282,0.97656,-1.7708,0.44843,-3.2607,-1.1193,0.24904,-1.6083,0.15708,0.5238,1.2486,-0.792,0.27458,-0.12819,-1.019,0.30907,1.3349,-2.1578
1.3608,1.5895,-1.3861,-0.60764,0.91879,1.8059,2.9741,2.0171,-0.61351,0.18278,-0.033369,0.71308,2.0052,-0.56433,-0.76857,-1.2913,0.18193,1.8724,-0.81567,-1.4875,-3.8834,-0.062407,0.47693,0.27631,-0.94917,-1.7072,-1.0729,-0.74792,-0.27107,2.7353,1.9176,-0.51355,0.3012,-2.136,-0.13516,-1.5098,-2.1155,1.6149,1.2945,-0.071036,3.1355,1.4136,-0.55581,0.70546,-1.9856,-0.16835,-0.34767,0.062541,-0.58587,-1.7538,0.063561,2.5935,1.3293,1.0519,-0.29762,-0.22161,-1.0324,-0.1581,1.5155,-0.7978,-0.50595,-2.4588,0.71472,0.71228,1.4741,1.2605,-0.4256,1.0629,0.36052,0.037,-0.8235,-1.2831,0.072979,1.6377,0.9497,1.7857,-2.1271,-0.41602,-0.7828,0.1502,2.0229,0.43371,0.89259,0.039156,-0.40663,1.5714,0.42169,-1.6113,-0.062593,1.687,0.34918,-0.7862,1.376,-2.1295,-2.106,0.57377,-0.94358,-1.671,-2.2807,0.61205
0.66448,1.5339,-0.29318,-3.584,-2.839,-0.82814,1.2542,-0.50305,3.7898,0.27156,1.7574,-0.95137,-0.42732,-1.0842,-0.17377,1.5311,0.70141,0.43085,-0.22719,2.3791,0.052326,-3.0784,-1.1494,-0.12078,-0.36925,0.46465,0.12319,2.6191,3.3076,-0.69599,-2.2498,-0.67621,0.70479,0.85303,-2.7014,0.14561,2.8896,-0.48031,-0.45121,2.5289,-0.06314,-4.7885,-0.5074,1.185,2.4225,3.3608,-2.1245,0.12251,0.40707,1.6908,2.335,-0.99184,-1.4199,0.98708,3.0584,-3.8294,1.8852,1.0007,1.3178,1.0441,-1.1086,1.3107,0.37293,0.32178,-0.8556,-0.42704,-2.3864,-0.86468,-1.3651,2.1127,-0.9434,-0.29476,-1.4489,0.97282,-2.0404,0.17135,-0.89975,0.13922,-0.68892,0.2758,-0.62901,1.7999,-0.3866,0.42873,3.2689,-3.8977,3.2114,-0.17467,-2.6831,3.5022,1.4892,-1.535,-1.96,2.5581,-0.18607,0.21514,0.36788,-1.8559,-1.5558,-0.95251
2.9032,-0.62982,0.61093,1.7772,1.506,0.25778,0.46319,-1.0995,-2.5867,-1.2315,0.059929,0.19151,1.0109,1.2245,0.18263,-0.88056,-0.17566,2.2626,-1.3997,-0.473,-2.4133,3.8627,1.2049,1.1004,0.89015,-1.5495,0.75157,-1.7604,-1.5763,1.9903,1.9206,-1.0958,-0.92874,-1.2798,1.3303,-1.4777,-1.6208,1.0602,0.10621,-1.9251,2.4249,3.135,-0.73879,0.34761,-3.4034,-0.94301,0.57731,-1.377,-0.47815,-1.6702,-1.0395,-0.098727,0.7393,-0.62454,-1.2851,2.2807,-2.0706,-0.13893,0.88798,-0.088758,1.1523,-0.26287,-0.14349,0.43335,2.6375,1.4151,0.1538,-0.49369,-0.38102,-0.90329,-1.0477,-0.91373,0.65513,-0.053144,1.5996,-1.9628,-1.3072,-0.85249,-0.54852,0.5004,0.15514,0.63164,-0.32318,-0.95449,-1.4453,1.6436,-1.9875,0.82475,0.3965,-0.76406,-0.35243,1.4811,2,-2.5903,-0.36233,0.74387,-0.035544,0.59677,-0.85594,0.45078
1.8935,-3.1164,2.4566,3.2297,2.1349,-3.1136,-0.42848,-3.5836,-2.7316,-0.87214,-0.57125,-0.8867,0.31721,2.4759,0.86093,1.9038,-0.79766,1.9592,-1.2242,1.7811,2.2374,2.6995,-0.22164,1.6441,2.2275,-1.4515,2.9224,-3.2187,-6.0812,-0.99424,0.11571,-0.38621,0.56431,0.20814,3.2651,1.3565,1.5109,0.96612,-0.25724,-6.8844,-1.3366,4.7669,-2.3364,0.26455,-0.042062,-2.79,2.1765,-0.73424,0.097809,-3.3976,-2.0675,-3.5192,-0.0091929,-3.4201,-3.216,3.5863,1.4091,0.046422,-1.469,0.12842,3.5432,0.80808,-0.15088,0.91396,2.1536,-0.24057,0.78207,-0.5059,-2.0448,-2.5108,0.033957,-0.04977,-0.56588,-3.2868,3.2797,-3.8297,2.0787,0.15473,-0.36163,0.656,-5.7241,0.12327,-2.7805,-1.6331,-1.9423,2.3228,-1.9967,3.0768,2.4226,-4.0563,-1.9544,2.5909,0.48434,-0.86882,1.9529,-0.27808,1.3666,3.4488,2.2895,1.9671
0.68684,-0.67095,-0.080775,2.2322,2.6426,0.49185,1.3257,0.65451,-2.8585,-0.026339,-1.1874,0.63384,1.6161,0.80529,-0.19922,-0.78649,-0.50091,1.3961,-0.62701,-1.5359,-1.4576,1.6196,0.55548,0.64416,0.12692,-1.7213,0.091814,-2.7659,-3.9607,1.5274,2.1771,0.094738,0.33609,-1.6554,2.2661,-0.29325,-2.087,1.5932,1.0937,-3.6324,1.2506,4.6646,-0.90481,-0.063903,-1.8965,-2.7534,1.5644,0.053456,-0.49423,-3.1471,-1.7251,1.1108,1.5573,-0.92062,-2.7754,2.6654,-0.65678,-0.5871,-0.35435,-1.0793,1.3113,-2.169,0.32952,0.62989,1.741,0.71488,1.1925,1.1909,0.26566,-1.844,0.15331,-0.60553,0.40987,-0.56299,2.6857,0.25562,0.025033,-0.1026,-0.23968,0.10242,-0.46914,-0.7244,-0.14886,-0.59769,-2.4136,3.7328,-1.6284,-0.1219,2.2205,-1.9651,-1.2022,0.84885,1.739,-2.6254,-0.63194,0.017655,-0.35418,0.91898,0.21476,1.6367
-4.662,0.39327,-1.4629,0.69292,0.62403,2.17,-1.7549,3.4022,-0.32238,1.3645,-1.7742,1.3061,-0.744,-1.2157,-0.39324,-1.7537,-0.22993,-3.7926,2.2991,-3.0643,1.3771,-1.7458,0.18236,-1.7946,-1.5571,1.799,-2.3154,0.41346,0.84433,-0.80236,0.50575,2.0808,-0.14511,0.27711,0.11441,0.69976,-2.3329,-1.044,0.50005,2.473,-1.8023,-0.12157,2.4897,-1.8455,0.76552,-1.4823,0.76373,1.6161,-0.011864,1.4891,-0.5814,2.8977,0.8358,1.1717,-0.57917,0.27637,-0.71291,-1.0147,-1.7091,-1.1396,-1.6422,-1.5606,-0.22123,-1.2722,-2.7975,-0.86067,2.1793,1.7055,2.9353,-0.24776,2.1361,1.3162,1.259,0.52906,-0.94282,3.6377,1.3733,0.63933,1.5354,-1.1471,3.3292,-2.7552,2.1151,1.284,-1.2812,1.5784,-0.65997,-2.1143,1.4529,-1.2452,-0.37949,-1.0149,-0.072226,0.19886,-0.33283,-0.87479,-1.0323,-0.15594,1.5611,-0.35937
1.2204,-0.80047,0.8784,0.31271,0.29997,-1.5772,0.72988,-1.5527,-0.1553,-0.22535,0.23021,-0.64293,0.35168,0.75187,0.23048,1.3154,-0.15342,1.3498,-0.7587,1.4347,0.64658,0.097855,-0.49535,0.79256,0.79513,-0.83353,1.3084,-0.8887,-2.1248,-0.37796,-0.43071,-0.41765,0.6735,0.061258,0.74752,0.60288,1.4309,0.59717,-0.022129,-2.7226,-0.32317,1.0444,-1.4514,0.62307,0.65311,-0.38741,0.37405,-0.20881,0.10487,-1.49,-0.26395,-1.6487,-0.24568,-1.2448,-0.70331,0.45782,1.3294,0.31798,-0.14828,0.23883,1.3342,0.36044,0.19668,0.69422,0.93413,-0.13899,-0.42884,-0.27401,-1.4089,-0.5891,-0.34471,-0.29463,-0.80311,-1.1124,1.159,-1.4383,0.51945,0.12283,-0.51672,0.41966,-2.8571,0.65601,-1.3932,-0.63971,0.036846,0.19122,0.21263,1.1802,0.40756,-0.65598,-0.47489,0.60223,-0.26226,0.14503,0.58802,-0.03527,0.65506,0.8642,0.35229,0.83765
3.9858,-1.5941,1.8634,1.8099,0.87087,-1.5621,-0.19486,-3.3964,-2.1408,-1.7825,0.71991,-0.68776,0.37357,1.9784,0.69889,0.53978,-0.19746,2.8503,-1.8922,1.4947,-0.94251,4.3917,0.81288,1.6796,1.9543,-1.4688,2.2156,-1.6425,-2.0174,0.89952,0.7467,-1.6086,-0.88661,-0.35114,1.4256,-0.8932,0.41571,0.74031,-0.6645,-3.0991,1.4911,2.5944,-1.5404,0.74518,-2.5585,-0.3852,0.5121,-1.953,-0.176,-1.557,-0.87672,-2.5297,-0.21594,-1.6788,-1.0171,2.2873,-1.0895,0.33546,0.73534,0.70765,2.1168,1.4616,-0.35987,0.63834,2.9901,1.0721,-0.47251,-1.5942,-1.7594,-0.89668,-1.4284,-0.79807,0.046544,-1.1508,1.6177,-4.1917,-0.69051,-0.83852,-0.78168,0.87564,-2.3541,1.4635,-1.6614,-1.4831,-0.76865,0.36047,-1.8607,2.4439,-0.02613,-1.1821,-0.44241,2.2369,1.296,-1.5855,0.81495,0.75549,0.85185,1.5271,-0.27261,0.408
3.211,-0.023519,0.21988,1.6296,1.0655,1.5781,-0.40871,-0.62,-2.7888,-1.7134,0.3561,0.60949,0.65335,0.94438,0.15978,-2.2059,0.053957,1.8282,-1.2871,-1.3835,-3.7687,5.3044,2.0906,0.78249,0.64798,-1.035,0.0028072,-0.90581,0.91256,2.8458,2.5265,-1.3865,-2.1566,-1.4134,0.54743,-2.7149,-2.9574,0.52559,-0.23436,0.75772,3.585,2.1789,0.44871,0.03268,-5.1377,-0.066535,-0.032182,-1.986,-0.64604,-0.10369,-0.72164,0.84737,0.76469,0.46212,-0.31937,2.1224,-4.1212,-0.26316,1.6559,0.071496,0.13373,0.11116,-0.5178,-0.16454,2.6347,2.0526,0.14401,-0.99081,0.51903,-0.18318,-1.3987,-0.94035,1.5539,1.1021,0.45454,-1.9097,-2.5038,-1.3961,-0.31978,0.37887,2.8954,0.70215,0.75902,-0.70346,-1.3478,0.95302,-2.6453,0.30789,-0.59634,0.14598,0.32877,1.4552,2.6727,-3.1506,-0.83542,1.1851,-0.48664,-0.17962,-1.731,-0.65254
2.7531,-1.1423,2.2835,-0.078719,-2.9248,-1.2295,-4.9017,-4.6233,0.66907,-2.5929,2.2771,-1.1191,-3.1196,1.1612,1.3827,0.12496,0.49294,-0.52508,-0.50712,2.5297,1.116,5.0736,1.3115,0.35409,2.0974,2.1769,1.6883,2.8045,5.7273,-1.1703,-1.7149,-1.7369,-3.2938,2.5103,-1.8094,-1.4321,1.7758,-2.7342,-3.1136,4.5272,-0.15476,-4.2586,1.5705,-0.21049,-2.0102,3.6359,-1.6334,-2.9428,0.44436,5.0661,1.1781,-3.8893,-2.5603,0.13625,3.2713,-0.30584,-2.894,0.78831,1.1422,2.5054,-0.35565,5.77,-1.7487,-1.3962,0.24983,0.4689,-1.2661,-4.1857,-0.82474,1.9106,-1.4852,0.66091,1.0091,0.0069328,-3.3504,-5.5266,-1.0198,-1.2666,0.37613,0.46333,0.92656,1.8906,-0.44867,-0.53597,1.9136,-5.2825,-1.6407,2.8546,-3.5612,0.85005,1.4785,1.9271,-0.28285,1.5325,2.1588,0.99149,1.1366,0.64393,-0.17783,-3.2578
5.0852,-0.15784,1.4713,-0.46576,-1.3505,-0.90179,-0.37528,-3.5821,-0.10455,-2.2833,2.2283,-0.94317,-0.27878,1.1878,0.64488,0.21906,0.47089,2.9075,-2.0841,2.2466,-2.3348,4.3332,1.065,1.4241,1.6685,-0.73854,1.7453,0.7928,2.5205,1.3751,-0.035763,-2.4892,-1.8041,0.067392,-0.99076,-2.1447,0.96181,-0.088192,-1.3988,1.0336,2.7397,-1.2653,-0.76311,1.2356,-3.0125,2.6577,-1.4348,-2.6959,-0.094307,1.0519,0.87243,-2.4724,-1.1498,-0.090513,1.8671,-0.11965,-2.0987,0.88455,2.4236,1.6294,0.55214,2.8825,-0.55879,0.26803,2.6911,1.539,-2.0541,-2.8413,-1.8728,1.1277,-2.5204,-1.0656,0.055047,0.53827,-0.75471,-4.4593,-2.5406,-1.3873,-1.0448,1.0064,-0.16387,2.8251,-0.95659,-1.0869,1.371,-2.8641,-0.66604,2.0563,-2.7889,1.8743,1.1772,1.4504,0.83256,-0.63243,0.321,1.4144,0.71754,-0.29844,-2.1667,-1.3291
4.0757,1.9404,-0.32834,-3.4965,-1.5997,-0.93162,4.5755,-0.90451,2.6204,-0.24402,2.1823,-1.0509,1.7966,-0.46174,-0.4989,1.6267,0.71161,4.086,-2.1462,2.6942,-3.2588,-1.91,-0.92394,1.2568,-0.047218,-2.1905,0.84296,0.8275,0.86113,1.7437,-0.70376,-1.9733,1.3042,-1.1321,-1.9025,-1.0003,2.3337,1.6881,0.51597,-0.55859,2.9807,-2.0617,-2.6632,2.5979,0.48447,2.8973,-2.067,-0.54406,-0.082091,-1.526,2.0095,-0.71127,-0.50949,0.49233,2.0267,-3.1404,1.7777,1.2462,2.8471,0.7442,0.082341,-0.19311,1.1016,1.7383,2.088,0.91003,-3.3474,-0.59657,-2.7359,1.4834,-2.4239,-1.9543,-2.0761,1.2754,0.1711,-0.55289,-2.6606,-0.37762,-2.079,1.0168,-1.7985,3.2165,-1.1926,-0.46673,2.8205,-2.3299,3.3548,-0.00028992,-2.5092,4.3034,1.3482,-1.181,-0.6075,0.35487,-1.4165,0.93744,0.29163,-2.3156,-3.4984,0.37844
0.22391,-0.82058,1.4399,-0.97282,-2.2792,-2.0558,-2.3363,-2.7959,1.9949,-0.61751,1.2501,-1.1982,-2.0616,0.33474,0.76943,1.711,0.23578,-0.8823,0.17586,2.7148,2.877,-0.046737,-0.56801,0.0066008,1.0735,1.5869,1.357,1.9429,2.3017,-2.3534,-2.5675,-0.3946,-0.50086,2.2604,-1.2207,0.83082,3.153,-1.7008,-1.687,1.4912,-2.1304,-3.5059,0.21589,0.088261,1.9131,2.1405,-0.89261,-0.67171,0.652,2.5974,1.0798,-3.2162,-2.0126,-0.49933,1.9641,-1.3375,1.0311,0.72688,-0.23492,1.5113,0.071569,3.4129,-0.6532,-0.49838,-1.0443,-0.90042,-1.0218,-1.9825,-1.2196,1.1054,-0.23196,0.79277,-0.55216,-0.88261,-1.9111,-2.5569,0.88958,0.070025,0.21255,0.19418,-1.8974,0.96627,-1.092,-0.09772,1.9656,-3.6459,0.67458,1.8134,-1.7065,0.34982,0.58914,0.43729,-1.763,2.729,1.8597,-0.074806,1.1232,0.65063,0.88103,-1.3104
1.8668,-0.78719,1.2606,0.47333,-0.92657,-0.63513,-2.1749,-2.4551,-0.33673,-1.449,1.0028,-0.50062,-1.2119,0.87425,0.70159,-0.042796,0.14953,0.26206,-0.54139,1.1121,0.15277,3.1768,0.82422,0.43783,1.2191,0.63383,1.0315,0.78049,2.0138,-0.19602,-0.39201,-1.0032,-1.6546,0.90247,-0.40528,-0.87028,0.53807,-0.99909,-1.4021,1.3773,0.32515,-1.0953,0.48208,-0.032706,-1.5771,1.3211,-0.51856,-1.6277,0.11262,1.8283,0.22767,-1.9266,-1.0112,-0.21171,1.0766,0.48187,-1.6626,0.3235,0.60751,1.1167,0.21693,2.5949,-0.83255,-0.51856,0.70688,0.47145,-0.48724,-2.0075,-0.51846,0.56964,-0.8588,0.13134,0.57282,-0.15815,-1.0625,-3.0448,-0.60855,-0.7298,0.060936,0.329,0.2123,0.96283,-0.37897,-0.49628,0.4815,-1.9533,-1.2375,1.5854,-1.4122,0.031835,0.50654,1.2803,0.28659,0.14855,0.99978,0.57526,0.56465,0.57216,-0.12526,-1.3027
1.4991,0.12234,0.2711,-0.93869,-0.046119,-1.403,2.4065,-0.83449,0.83252,0.18626,0.53737,-0.70204,1.0444,0.19557,-0.14031,1.5905,0.044306,2.0543,-1.0047,1.6678,-0.28665,-1.4791,-0.94087,0.82716,0.27668,-1.3712,1.0011,-0.60009,-1.9291,0.11807,-0.55416,-0.57553,1.3905,-0.42676,0.11194,0.51865,1.7742,1.1579,0.47931,-2.6326,0.35078,0.38823,-2.0148,1.2246,1.2611,0.20469,-0.16944,0.16986,0.060373,-2.0227,0.34345,-1.0495,-0.1249,-0.79336,-0.21556,-0.75031,2.1245,0.53295,0.46876,0.12202,0.99669,-0.40919,0.68971,1.1627,1.0217,-0.05835,-1.169,0.15061,-1.7636,-0.16475,-0.68119,-0.77017,-1.4198,-0.51156,1.1812,-0.44413,-0.089472,0.22901,-0.98886,0.51567,-2.9045,1.1535,-1.3589,-0.47453,0.77337,-0.083466,1.5367,0.51482,-0.026518,0.69771,-0.12304,-0.24585,-0.56759,0.32201,-0.1501,0.044501,0.47509,-0.11798,-0.6088,1.1006
2.776,-2.286,3.1222,-0.081113,-1.9224,-4.3487,-2.0619,-5.8108,1.2701,-1.5405,1.8387,-2.1823,-1.8653,1.8093,1.3392,3.335,0.034296,1.2557,-1.1701,4.8955,3.5508,1.648,-0.80099,1.3452,2.6609,0.4884,3.5466,0.72056,-0.19361,-2.6988,-3.002,-1.3835,-0.25666,2.4787,-0.10763,1.2011,5.001,-1.0942,-2.154,-2.0345,-2.2059,-1.9572,-1.652,0.91704,1.8369,1.8361,-0.42226,-1.6414,0.76732,0.9485,0.60686,-6.0649,-2.5534,-2.357,1.1253,-0.18509,2.0016,1.2155,-0.18855,2.1588,2.1116,4.6869,-0.69002,0.30533,0.76146,-0.7703,-1.6648,-3.0395,-3.2936,0.32676,-1.0598,0.35172,-1.3325,-2.4831,-0.45272,-5.7255,1.2878,-0.098702,-0.50102,0.91463,-5.6631,2.1772,-3.1267,-1.244,1.9095,-3.7248,0.23351,4.0305,-1.4857,-0.73166,0.023816,1.8859,-1.7464,2.615,2.9566,0.13776,2.1817,2.1391,1.2826,-0.5252
-0.90647,1.7995,-2.0335,-1.4328,1.3564,0.93811,5.0564,3.4577,0.6724,1.8984,-0.88249,0.57067,2.7916,-1.2696,-1.2567,0.22111,-0.038095,1.4615,-0.17907,-1.1626,-2.0932,-4.5969,-1.2239,-0.041417,-1.7842,-2.1073,-1.2805,-1.3945,-3.1763,1.509,0.99382,0.67024,2.7393,-2.1961,0.32699,0.56797,-0.69865,2.4053,2.4445,-2.6726,1.2082,1.8712,-1.7244,0.95412,1.6258,-1.383,0.27187,2.0402,-0.35669,-3.7641,0.028348,2.9782,1.6856,0.44507,-1.3496,-1.1964,2.5117,-0.17495,0.24852,-1.5864,-0.11802,-4.3223,1.6347,1.4624,0.23754,-0.025522,-0.24625,2.8929,-0.050369,-0.62062,0.29653,-1.0953,-1.3341,0.77253,2.1031,4.2542,-0.34395,0.78032,-0.89583,-0.084314,-0.60532,-0.35152,0.25484,0.42443,-0.25577,2.8048,2.4928,-2.4115,1.4966,1.2228,-0.41607,-2.0676,-0.052113,-0.88684,-2.2322,-0.38775,-0.88115,-1.5967,-1.2465,2.254
2.6972,-2.0263,1.4893,3.0757,2.6228,-1.349,0.65951,-2.1404,-3.4428,-1.0195,-0.58316,-0.19368,1.2634,2.0788,0.43058,0.37807,-0.63073,2.6923,-1.5716,0.28373,-0.59452,3.5968,0.5799,1.6183,1.5827,-2.1407,1.9043,-3.3701,-5.1709,0.99753,1.6519,-0.74538,0.049081,-1.0987,2.9773,-0.11604,-0.57898,1.605,0.32238,-5.6879,0.97603,5.3893,-1.9655,0.38644,-2.191,-2.6859,1.8286,-0.99972,-0.34128,-3.6612,-2.039,-1.4898,0.84957,-2.3323,-3.1047,3.6522,-0.35694,-0.18794,-0.34962,-0.31856,2.795,-0.4727,0.023564,0.96179,2.9907,0.80321,0.73616,-0.0903,-1.2488,-2.2704,-0.50845,-0.73586,0.053851,-1.847,3.3463,-2.7776,0.36688,-0.3562,-0.60922,0.64233,-3.1081,0.23803,-1.6753,-1.4952,-2.3615,3.1297,-2.3333,1.9033,2.0834,-2.9146,-1.5195,2.2356,1.7272,-2.5109,0.55236,0.23982,0.57314,2.2516,0.70592,1.8004
-3.733,0.69166,-0.74417,-0.84489,-2.2389,1.924,-4.4858,1.4658,1.6154,0.21335,-0.025914,0.6474,-2.8991,-1.3862,0.20238,-1.7171,0.36756,-4.7884,2.4239,-1.4874,1.9381,-0.30564,0.6643,-2.1091,-0.95448,3.712,-2.0096,3.4367,6.3058,-1.6946,-1.1751,1.1766,-1.9988,2.0598,-2.2701,-0.20744,-0.90515,-3.1198,-1.4008,7.3152,-1.9793,-4.8787,3.9574,-1.8979,0.4372,1.9431,-1.0864,0.22428,0.36695,5.7537,1.0723,1.1668,-1.0261,2.218,2.7212,-1.5847,-2.1566,-0.37762,-0.642,0.51099,-2.9425,1.9742,-1.1619,-2.3185,-3.6204,-0.80148,0.86636,-0.7619,2.7188,1.8856,1.2466,1.813,1.667,1.3834,-4.1948,1.4405,0.37661,-0.0076589,1.813,-1.0386,4.9751,-1.4633,2.4208,1.5125,0.99032,-2.9225,-0.4414,-1.1967,-1.6661,0.76896,1.2006,-0.85626,-0.93787,2.0746,0.5768,-0.29693,-0.57649,-0.86825,0.85919,-2.9436
-4.1321,1.6668,-1.4025,-3.9228,-2.3645,-0.79959,1.6177,2.2213,4.9832,2.514,0.091479,-0.53457,-0.52935,-2.2918,-0.67792,2.2224,0.36383,-2.3432,1.7393,1.3608,3.1519,-8.1419,-2.692,-1.4337,-1.784,1.4263,-1.1052,2.4812,1.313,-2.7751,-3.2327,1.5897,2.7627,1.3871,-2.2728,2.6765,3.378,-0.66691,0.5828,1.6282,-3.3706,-4.8482,-0.10687,0.30152,6.511,1.5958,-1.1469,2.7547,0.72983,1.089,2.0386,0.39171,-0.94507,0.90246,1.9451,-4.6088,4.9131,0.49317,-0.99824,-0.094644,-1.5836,-0.68579,0.94536,0.1722,-3.7843,-2.2975,-1.0264,1.4635,-0.24765,1.4407,1.3486,0.82736,-2.0754,0.1953,-1.7607,4.0039,1.825,1.638,0.17581,-0.57694,-1.5804,-0.43024,0.0066876,1.4722,2.8756,-2.3506,4.7062,-1.7264,-0.56348,2.179,0.57246,-3.117,-3.5933,4.2569,-0.075072,-1.2228,0.057229,-1.5992,0.61458,0.17408
-3.3195,2.2303,-2.2005,-3.1546,-0.87553,0.70553,3.1051,3.6511,3.3131,2.4652,-0.44356,0.24707,0.90557,-2.2892,-1.1112,0.8061,0.27408,-1.2066,1.2336,-0.39543,0.45819,-6.9877,-1.9283,-1.1936,-2.2575,0.1582,-1.8464,1.1845,0.22498,-0.67105,-1.1984,1.4014,2.6227,-0.30425,-1.5305,1.5225,0.98776,0.52474,1.5323,0.90323,-1.1648,-2.4125,-0.26352,0.38716,4.2451,0.48066,-0.73729,2.6599,0.19938,-0.51984,1.3444,2.4121,0.37216,1.3192,0.83043,-3.498,3.4578,0.073222,-0.34153,-0.91728,-1.5867,-2.6476,1.2596,0.51056,-2.4675,-1.2587,-0.56644,2.355,0.44076,0.82893,1.0412,0.054513,-1.5018,1.0203,-0.53649,5.0159,0.60378,1.2579,-0.12453,-0.55127,0.090004,-0.66916,0.75218,1.3424,1.5644,-0.13127,3.8717,-2.7039,0.16658,2.2194,0.37147,-3.0921,-1.9867,1.9674,-1.4136,-0.86077,-0.68991,-2.1292,-0.4655,0.80456
-0.72827,0.99119,-0.71072,-1.8527,-0.73894,-0.29795,1.8481,0.94832,1.9452,0.96368,0.22786,-0.25415,0.49049,-0.89529,-0.43602,0.96958,0.19986,0.13171,0.16043,0.68218,0.20988,-3.3187,-1.1169,-0.2256,-0.75308,-0.20334,-0.33761,0.63787,0.010891,-0.38478,-0.94328,0.26754,1.4042,-0.045022,-0.87945,0.75139,1.2941,0.38992,0.57844,-0.050556,-0.4239,-1.4495,-0.69668,0.61255,2.2512,0.68927,-0.58793,1.0122,0.16075,-0.45582,0.88971,0.3628,-0.13402,0.35726,0.66237,-1.969,2.1038,0.31242,0.13914,-0.12877,-0.43038,-0.80619,0.66783,0.52234,-0.76387,-0.56205,-0.83309,0.73364,-0.52039,0.53719,0.082972,-0.19217,-1.1238,0.30776,-0.17495,1.6415,0.13347,0.54379,-0.38456,-0.023332,-0.90767,0.30716,-0.18168,0.40739,1.2268,-0.6465,2.2275,-0.80123,-0.31017,1.4088,0.29091,-1.3575,-1.1731,1.2031,-0.50812,-0.28372,-0.038461,-0.99511,-0.47516,0.44047
-2.3041,1.8037,-1.7894,-1.7674,-0.68547,1.7834,0.88524,2.9878,1.6122,1.2271,-0.30687,0.68075,0.18121,-1.6892,-0.72013,-0.86711,0.29316,-1.5348,1.1061,-1.4365,-0.66973,-3.0695,-0.36,-1.1752,-1.71,0.70283,-1.9863,1.3371,2.1137,0.2312,-0.066659,0.87221,0.51972,-0.29453,-1.4201,-0.021612,-0.89393,-0.2227,0.71541,2.8999,0.040113,-2.025,1.1208,-0.29157,1.1087,0.6815,-0.75477,1.2758,-0.036397,1.0644,0.89226,2.5898,0.40149,1.765,1.0813,-2.019,0.23207,-0.2189,0.164,-0.59521,-1.919,-1.5147,0.40551,-0.34382,-1.7648,-0.31512,0.011327,1.2377,1.3963,0.96016,0.62627,0.17735,0.043832,1.5679,-1.2733,3.4541,-0.41319,0.37749,0.32065,-0.57365,2.6973,-0.74137,1.5923,1.1367,0.72242,-0.28749,1.5605,-2.2732,-0.42244,1.768,0.66699,-1.9188,-0.56276,0.63175,-1.259,-0.26644,-0.91484,-1.8401,-0.73981,-0.41773
0.73659,-1.4073,1.2523,0.48278,0.66467,-2.7965,1.3319,-1.9801,0.061447,0.2462,-0.084672,-1.0192,0.55728,0.99102,0.27461,2.5306,-0.37467,1.541,-0.75276,2.2457,2.1014,-1.2725,-1.3201,1.0124,1.0102,-1.163,1.9675,-1.6061,-4.3314,-1.3101,-1.0637,-0.068463,1.7715,0.29474,1.4572,1.8183,2.6824,0.97228,0.23959,-5.0676,-1.5788,1.8232,-2.4281,0.82347,2.3527,-1.2073,0.95866,0.39081,0.28594,-2.7765,-0.5642,-2.5438,-0.31102,-2.2403,-1.5715,0.60566,3.2237,0.41079,-0.96363,0.099971,2.2274,0.093863,0.49727,1.1653,0.77815,-0.8047,-0.34216,0.17606,-2.1575,-1.2436,0.07437,-0.17085,-1.5888,-2.2175,2.1164,-1.4581,1.7438,0.65574,-0.64291,0.48868,-5.3384,0.49393,-2.3535,-0.82822,-0.059277,0.7773,0.78161,1.6593,1.3456,-1.5858,-1.1153,0.62562,-0.94706,0.7694,1.1053,-0.48862,1.0784,1.6353,1.2955,1.7951
-1.8114,-0.18728,-0.5761,0.75426,1.4281,0.1767,1.0213,1.5706,-0.67072,1.066,-1.2797,0.44722,0.80526,-0.20994,-0.35776,0.058653,-0.37577,-0.48395,0.55228,-1.0838,0.68896,-1.7777,-0.53724,-0.26314,-0.61557,-0.46281,-0.49277,-1.3679,-2.8661,-0.21808,0.51955,1.0567,1.2335,-0.57639,1.2222,1.0633,-0.62742,0.75332,1.0475,-2.2494,-0.89454,2.1265,-0.37995,-0.33674,1.1237,-2.056,1.1408,1.2815,-0.07966,-1.8894,-0.88552,1.1406,0.94709,-0.48375,-1.7926,0.76412,1.2668,-0.46724,-1.1785,-1.0329,0.42364,-2.0088,0.48772,0.31623,-0.48951,-0.53486,1.0787,1.6719,0.52536,-1.1545,1.0793,0.16832,-0.21579,-0.61473,1.4472,1.9383,1.2363,0.66816,0.20739,-0.31476,-0.82229,-1.281,0.041534,0.19103,-1.22,2.4373,0.10177,-0.7913,1.9921,-1.4094,-0.97148,-0.40582,0.0010619,-0.40495,-0.29653,-0.65307,-0.29467,0.48058,1.0168,1.3627
4.0999,-0.83431,2.3143,-0.87505,-2.8688,-2.0356,-2.7356,-5.0138,1.2194,-2.4574,2.704,-1.5567,-2.0915,1.2379,1.1842,1.1331,0.55929,1.2703,-1.3799,3.5976,0.36149,4.0129,0.68983,1.0148,2.1923,0.93632,2.3027,2.2885,4.3229,-0.70743,-1.8803,-2.2616,-2.2497,1.9185,-1.7723,-1.2766,2.8259,-1.6726,-2.6086,2.6103,0.55217,-3.8278,0.004361,0.80445,-1.3699,3.8147,-1.8333,-2.8412,0.41201,3.369,1.4625,-4.3507,-2.4971,-0.30224,3.113,-0.90971,-1.4848,1.1751,1.7245,2.5143,0.30963,5.1843,-1.1515,-0.44222,1.2237,0.60957,-2.2197,-3.9725,-2.1026,1.8199,-2.1306,-0.089903,-0.031862,-0.13922,-2.377,-5.6677,-1.4038,-1.1694,-0.47082,0.87573,-0.94389,2.8396,-1.3419,-0.88994,2.4626,-5.1912,-0.44536,3.0422,-3.6375,1.6292,1.457,1.6506,-0.5181,1.4929,1.7713,1.1186,1.3709,0.321,-0.96302,-2.3891
-3.7886,-0.21129,-0.66569,0.63479,0.36407,0.79627,-1.6255,1.9178,0.0026537,1.1135,-1.3621,0.66752,-0.86098,-0.70076,-0.1225,-0.58835,-0.26823,-3.0334,1.8187,-1.6246,2.2399,-1.7489,-0.25299,-1.2773,-0.87297,1.5242,-1.241,0.23065,-0.046657,-1.4328,-0.2458,1.7136,0.21677,0.70245,0.31816,1.2111,-0.81951,-0.94544,0.1943,1.0358,-2.3351,-0.1526,1.5702,-1.3887,1.5408,-1.2777,0.79278,1.3603,0.17079,0.99926,-0.50733,1.2776,0.30833,0.31734,-0.61986,0.24871,0.34772,-0.65979,-1.7893,-0.70422,-0.79913,-0.72717,-0.19211,-0.89402,-2.3695,-1.0962,1.6592,1.1693,1.7823,-0.38361,1.8341,1.238,0.61297,-0.29765,-0.56432,2.2785,1.8083,0.72458,1.2104,-0.83148,1.1669,-2.1093,1.0261,0.86136,-0.84218,0.99032,-0.329,-1.0559,1.3489,-1.501,-0.54158,-0.591,-0.57286,0.7966,0.34007,-0.89426,-0.41585,0.45047,1.871,-0.064833
-0.72221,-3.953,2.5637,4.63,2.3252,-2.4875,-3.5126,-3.0619,-3.5009,-0.72987,-1.5267,-0.36328,-1.1816,2.4501,1.1762,0.97784,-1.0517,-0.89591,0.24668,0.44482,4.3522,3.4496,0.2601,0.66595,2.1354,0.35384,2.253,-2.8569,-5.2306,-2.3076,0.034085,0.74698,-0.39942,1.2707,3.6663,1.8849,0.50074,-0.49671,-0.8504,-5.236,-3.2789,4.6077,-0.37557,-1.2869,0.012913,-3.6664,2.8962,-0.44828,0.25308,-1.4916,-2.7386,-3.1918,-0.091616,-3.2935,-3.5524,4.6568,0.32311,-0.55543,-2.9599,-0.036154,2.9815,1.4619,-0.90677,-0.343,0.42009,-0.90014,2.4395,-0.4695,-0.36164,-2.7974,1.4012,1.2548,0.6447,-3.7107,2.3239,-3.4412,3.4896,0.35774,0.95496,-0.00016767,-4.1589,-1.5969,-1.8698,-1.1388,-2.9426,2.6501,-3.5621,2.9712,3.2046,-5.9165,-2.3406,2.9947,0.44765,-0.44271,2.8494,-0.79466,1.205,4.4225,4.1659,1.1933
2.6055,-1.6903,1.9463,2.97,-0.69025,1.1984,-6.6482,-3.369,-3.0925,-3.3305,0.97264,0.30208,-2.8797,1.7697,1.4201,-2.8851,0.12099,-1.1951,-0.25683,-0.84039,-0.86313,9.4306,3.3831,0.13786,2.0437,2.1183,0.6131,1.2499,5.3785,0.72012,1.237,-1.4789,-5.2355,1.3282,-0.20455,-3.0855,-2.5936,-2.6879,-2.9092,5.1389,1.5278,-0.74749,3.2767,-1.5657,-6.3422,1.4814,-0.38821,-3.6945,-0.18132,5.0199,-0.60912,-1.616,-1.0659,0.55083,1.4821,2.9991,-6.9749,-0.28923,0.94035,1.6181,-0.52281,4.6656,-2.411,-2.2635,1.1845,1.6971,0.87189,-3.791,1.4689,0.76279,-1.0854,0.75676,3.3289,0.5747,-2.6203,-5.3779,-1.7427,-2.029,1.1721,0.087818,4.7497,0.35082,1.2057,-0.6399,-1.0297,-2.2639,-5.2452,2.2397,-2.1809,-1.1699,0.89542,3.1984,2.406,-1.6716,1.5568,1.336,0.1873,1.2938,0.030991,-3.5131
-0.0044792,1.4827,-1.8981,0.53133,1.9528,2.9651,2.3317,3.3832,-1.8578,0.47277,-1.0172,1.4672,2.0795,-0.68928,-0.91132,-2.4787,-0.043509,0.80663,-0.16109,-3.2735,-4.0132,0.43139,0.98289,-0.20725,-1.4095,-1.4445,-1.9493,-1.3664,-0.76368,3.0523,2.9461,0.19857,-0.021871,-2.5228,0.57693,-1.6132,-3.937,1.5628,1.6641,0.1628,3.0536,2.7868,0.35685,-0.11898,-2.8069,-1.4822,0.38267,0.44351,-0.7782,-1.8357,-0.72882,4.0527,2.1064,1.3139,-1.2709,0.90448,-2.0608,-0.76017,0.87233,-1.486,-0.80824,-3.4897,0.58275,0.27177,1.0581,1.3176,0.83299,1.8588,1.7092,-0.56247,-0.056324,-0.95151,0.93427,1.7835,1.2459,2.9667,-1.7989,-0.36259,-0.20347,-0.25392,3.6104,-0.81832,1.7982,0.31408,-1.7315,3.2217,-0.69445,-2.3781,1.0175,0.58956,-0.084214,-0.72483,2.1082,-3.0595,-2.4024,0.35876,-1.4799,-1.4285,-1.6989,0.73848
-1.3402,0.21462,-0.17497,-0.1385,-1.1304,1.078,-2.6922,0.34828,0.43338,-0.27898,0.13699,0.34115,-1.5964,-0.47394,0.22487,-1.1454,0.2046,-2.2538,1.0451,-0.79094,0.63481,0.89728,0.696,-0.94323,-0.24426,1.893,-0.89062,1.7478,3.5809,-0.59882,-0.36466,0.33242,-1.5034,1.0333,-1.127,-0.51343,-0.74336,-1.6919,-0.9411,4.0079,-0.60592,-2.3691,2.1669,-1.0015,-0.57058,1.1279,-0.60182,-0.32445,0.13226,3.193,0.47166,0.42906,-0.57205,1.1446,1.4736,-0.46428,-1.8081,-0.19272,-0.096926,0.41371,-1.4546,1.3812,-0.77919,-1.2938,-1.4818,-0.12781,0.43327,-0.7689,1.4057,0.99977,0.39269,0.86337,1.1275,0.78745,-2.2361,0.1063,-0.13447,-0.25467,0.92376,-0.45465,2.9065,-0.57594,1.2796,0.62961,0.3854,-1.6242,-0.73318,-0.3548,-1.0778,0.35562,0.70047,-0.081687,-0.13457,0.72451,0.35917,0.047407,-0.2726,-0.35197,0.27488,-1.7573
1.0182,-1.587,1.6802,1.8006,-0.76108,-0.2408,-4.6551,-2.7836,-1.3685,-1.8901,0.60009,-0.20288,-2.3136,1.2334,1.0889,-0.88505,-0.0069894,-1.2283,0.096032,0.32762,1.1209,5.0688,1.5666,0.046801,1.5516,1.7357,0.89059,0.93067,2.8617,-0.73469,-0.17368,-0.65671,-2.8633,1.578,-0.036529,-1.0117,-0.36433,-2.0326,-2.0911,2.575,-0.43542,-0.94882,1.8266,-1.0323,-2.5332,0.89718,-0.079608,-2.0413,0.15066,3.28,-0.33257,-2.0815,-1.1519,-0.22295,0.90871,1.6754,-3.1887,-0.040192,-0.072018,1.2339,0.031362,3.5497,-1.5547,-1.4231,0.14356,0.40107,0.54272,-2.5124,0.47707,0.38092,-0.32075,0.874,1.6568,-0.42562,-1.7101,-3.753,-0.074957,-0.91857,0.87138,0.038439,1.4649,0.12661,0.14894,-0.41917,-0.32494,-1.9009,-2.911,1.961,-1.1687,-1.2872,0.32932,2.0675,0.69396,-0.0018004,1.723,0.4988,0.5466,1.4044,0.91283,-2.0714
-7.0641,1.4866,-3.0961,1.2048,1.0785,5.4203,-3.1887,6.5939,-1.2674,1.7565,-2.7894,2.8338,-1.0648,-2.3014,-0.83233,-4.6933,-0.16958,-6.2553,3.7101,-6.5477,-0.061832,-1.0825,1.4368,-3.1869,-2.9861,3.0204,-4.8268,1.1079,3.5314,0.28367,2.1344,3.0569,-1.4962,-0.27771,-0.37135,-0.4954,-5.9877,-1.8248,0.82359,6.5243,-1.0112,-0.35448,5.214,-3.2984,-1.2425,-1.9122,0.76033,2.0251,-0.37222,3.4548,-0.84958,6.4326,1.8556,3.1817,-0.3416,0.62843,-3.7066,-1.9288,-1.7864,-1.9983,-3.7404,-2.8905,-0.6141,-2.5598,-4.1468,-0.41314,3.7014,2.6245,5.9544,0.12541,3.0393,1.8534,3.148,2.3402,-2.2837,6.4188,0.60926,0.3769,2.6331,-1.9956,8.8052,-4.5206,4.8245,2.3256,-2.4284,2.6485,-1.9824,-4.3573,1.6209,-1.0632,0.0076186,-1.7189,1.0981,-1.0155,-1.5114,-0.86608,-2.4147,-1.2587,1.2766,-1.4765
-3.0686,3.7427,-4.1655,-2.9023,1.5647,2.9638,7.2113,7.1344,1.6805,3.4135,-1.5986,1.4819,3.8945,-2.9464,-2.2387,-0.77037,0.12821,0.63845,0.67504,-3.1208,-3.5499,-8.0061,-1.6564,-1.0139,-3.7364,-2.2594,-3.4126,-1.0141,-2.6382,2.4232,1.6487,1.6273,3.8226,-3.3083,-0.46551,0.54429,-2.1956,3.0371,3.854,-1.2178,1.8365,1.3631,-1.1963,0.86123,2.5043,-1.6024,-0.060255,3.6419,-0.58294,-4.1948,0.50293,6.3055,2.7594,2.0298,-1.1923,-2.7542,3.0232,-0.54839,0.41669,-2.7051,-1.6865,-7.1078,2.4155,1.5667,-0.96653,-0.1353,-0.031977,4.8953,1.3331,-0.22887,0.95486,-1.3007,-1.4479,2.3268,1.9029,8.4264,-0.85623,1.2483,-0.83344,-0.61698,1.796,-1.2659,1.8053,1.4509,-0.15975,3.9174,4.0897,-5.0879,1.859,2.7441,-0.11441,-4.1071,-0.17351,-1.0907,-4.0402,-0.69162,-2.0173,-3.4847,-2.1987,2.653
1.5753,1.7976,-0.076993,-5.1618,-3.4225,-2.5675,3.6804,-1.2917,5.5198,0.77131,2.4123,-1.8495,0.35114,-1.1768,-0.33674,3.6272,0.81247,2.0663,-0.96346,4.5109,0.52799,-5.7548,-2.547,0.50613,-0.2408,-0.5597,1.1094,2.5337,1.721,-1.221,-3.52,-1.0492,2.4687,0.84336,-3.0053,1.1572,5.4685,0.43043,-0.040492,0.20697,-0.43033,-5.3944,-2.5381,2.4613,4.8341,3.9659,-2.5216,0.63903,0.63729,0.034812,3.0583,-2.3083,-1.8683,0.24858,3.277,-5.3518,4.8529,1.672,1.5957,1.2888,-0.30759,1.1159,1.1422,1.4717,-0.47876,-0.91616,-3.7887,-0.67774,-3.2926,2.2366,-1.4386,-0.8661,-3.233,0.3752,-1.2638,0.059511,-0.60887,0.62296,-1.6324,0.72733,-3.998,2.9722,-1.8696,0.15079,4.6281,-4.6371,5.4906,0.27612,-2.92,4.5107,1.4834,-2.1814,-3.2214,3.7576,-0.15691,0.06471,0.96666,-2.1164,-1.9634,0.075
-2.7986,0.73115,-0.75166,-2.0141,-1.128,-0.65586,0.89103,1.3343,2.7553,1.6255,-0.19619,-0.30755,-0.30591,-1.2653,-0.37911,1.4568,0.10723,-1.5478,1.1465,0.75501,2.3244,-4.9985,-1.7114,-0.862,-1.0212,0.83892,-0.57472,1.1651,0.093699,-1.8958,-1.9333,1.1516,1.8306,0.87236,-1.0012,1.9098,2.0567,-0.34827,0.4268,0.35477,-2.4082,-2.4147,-0.152,0.066027,4.1557,0.48831,-0.37256,1.8186,0.45855,0.32996,0.96443,0.1454,-0.47851,0.26415,0.7393,-2.4325,3.2158,0.21445,-0.95622,-0.18133,-0.71123,-0.56019,0.58216,0.12829,-2.353,-1.542,-0.34499,1.067,-0.12948,0.55638,1.0504,0.6112,-1.2705,-0.214,-0.74442,2.4528,1.5124,1.1148,0.19167,-0.38869,-1.3823,-0.5181,-0.13146,0.84702,1.4301,-0.97854,2.6765,-0.94642,0.10965,0.77094,0.074834,-1.7624,-2.1878,2.5478,0.11602,-0.88542,0.08811,-0.62231,0.7836,0.35889
2.9292,1.7638,-0.46074,-2.6072,-1.624,0.27209,2.2562,-0.37525,1.8269,-0.54472,1.7908,-0.46465,0.77564,-0.55264,-0.31429,0.19399,0.68439,2.3023,-1.3116,1.2953,-3.0228,-0.28621,-0.002788,0.56718,-0.18445,-0.9316,0.042285,1.4137,2.742,1.6467,-0.22211,-1.5578,-0.084827,-0.69105,-2.0276,-1.555,0.77903,0.58342,-0.02745,1.892,2.7264,-2.4734,-0.83345,1.5089,-0.8099,2.8217,-1.9578,-0.84723,-0.13194,0.41614,1.7153,0.065363,-0.47544,1.1799,2.3012,-2.4129,-0.27985,0.79768,2.4944,0.72884,-0.77995,0.38598,0.41608,0.66294,1.2646,1.0185,-2.3482,-0.9051,-1.2108,1.6728,-1.9025,-1.2682,-0.7556,1.723,-0.95801,-0.43026,-2.6515,-0.65319,-1.1995,0.59026,0.81694,2.2785,-0.013776,-0.094186,2.1603,-2.4067,1.8639,-0.32084,-2.6053,3.6845,1.5003,-0.84208,-0.05629,0.053009,-1.2063,0.95556,-0.086419,-2.1622,-2.9815,-0.70982
4.1079,-0.15085,1.1779,-0.17718,-1.0355,-0.48999,-0.62146,-2.8456,-0.32854,-1.9633,1.7607,-0.65228,-0.32246,0.99214,0.5508,-0.12085,0.37817,2.203,-1.6351,1.5569,-2.0406,3.9663,1.0822,1.0969,1.3579,-0.48491,1.3013,0.66727,2.317,1.2392,0.16217,-2.0201,-1.7406,0.038894,-0.78547,-1.9357,0.42275,-0.18642,-1.2075,1.1861,2.3547,-0.96004,-0.35544,0.85562,-2.8528,2.1254,-1.1421,-2.3096,-0.11527,1.0913,0.62734,-1.846,-0.88175,0.039396,1.5215,0.1056,-2.164,0.64055,1.9893,1.3128,0.33995,2.3995,-0.56431,0.068773,2.1937,1.357,-1.5168,-2.3765,-1.284,0.92251,-2.0322,-0.81705,0.29364,0.54709,-0.72957,-3.6696,-2.1709,-1.223,-0.74373,0.77413,0.35286,2.1882,-0.57909,-0.86245,0.94941,-2.2659,-0.86283,1.6289,-2.2869,1.436,0.98362,1.2849,0.87726,-0.70849,0.24267,1.2009,0.5038,-0.22964,-1.7652,-1.2429
0.26733,0.037696,-0.13536,0.24571,0.53934,0.12934,0.69319,0.27454,-0.45283,0.070265,-0.1948,0.12217,0.53718,0.080873,-0.12313,-0.1052,-0.072733,0.51856,-0.22342,-0.27773,-0.55555,0.053084,0.030441,0.17696,-0.066699,-0.53901,-0.020786,-0.59173,-0.8991,0.47228,0.47784,-0.032196,0.23771,-0.49657,0.39394,-0.091924,-0.38965,0.50649,0.36078,-0.86154,0.45536,0.95468,-0.36105,0.13424,-0.31779,-0.50422,0.24256,0.07955,-0.12517,-0.87104,-0.26773,0.36,0.38309,-0.13157,-0.54112,0.36086,0.028779,-0.080819,0.06632,-0.26739,0.25243,-0.66064,0.18696,0.26292,0.45514,0.19264,0.097633,0.35523,-0.045233,-0.33927,-0.057613,-0.25812,-0.05154,-0.0090191,0.64603,0.23915,-0.13775,-0.0065016,-0.17418,0.056439,-0.15799,-0.034813,-0.050315,-0.11757,-0.39392,0.80145,-0.087323,-0.1509,0.41396,-0.15668,-0.20309,0.025438,0.34131,-0.57847,-0.30408,0.029389,-0.11106,0.0055376,-0.17197,0.44628
-0.22315,0.39254,-1.0049,1.1239,2.0696,1.4832,1.7541,2.0879,-1.888,0.4774,-1.1467,0.951,1.6565,-0.097156,-0.55926,-1.2993,-0.27493,0.71159,-0.14622,-2.181,-2.0592,0.22321,0.4552,0.060911,-0.73363,-1.328,-0.93823,-1.8465,-2.3712,1.7768,2.1155,0.37967,0.43935,-1.7945,1.2935,-0.52092,-2.5295,1.4103,1.3594,-1.7121,1.519,3.2691,-0.26443,-0.13816,-1.5294,-2.0567,0.95829,0.54516,-0.51969,-2.3337,-1.0932,2.4138,1.6657,0.14632,-1.9101,1.4322,-0.75362,-0.63295,-0.024309,-1.2622,0.18894,-2.7525,0.49921,0.42222,0.91293,0.66936,1.0045,1.6312,0.94171,-1.136,0.29015,-0.58209,0.46178,0.43832,1.7984,1.8788,-0.46715,-0.016339,-0.12983,-0.15117,1.1774,-0.90106,0.73115,-0.011492,-1.8329,3.2351,-0.77226,-1.2805,1.6687,-0.71813,-0.67287,-0.15702,1.4732,-2.283,-1.3381,-0.0038063,-0.83206,-0.21395,-0.42815,1.2172
-0.36485,1.1198,-0.91524,-2.3229,0.10674,-1.3229,4.8314,1.2797,2.2845,1.7811,-0.038824,-0.57272,2.0421,-0.89821,-0.83165,2.3466,0.036127,1.8157,-0.46809,1.4424,0.085031,-5.7347,-2.2543,0.37419,-0.94542,-1.8206,0.18582,-0.7384,-3.4019,-0.21949,-1.0138,0.33939,3.4088,-0.91412,-0.090066,1.7402,2.3814,1.9831,1.7187,-3.7174,-0.41841,0.21456,-2.766,1.5679,3.9284,-0.32932,-0.10721,1.933,0.12923,-3.4945,0.69806,0.28259,0.39955,-0.55229,-0.58675,-2.24,4.6995,0.50878,-0.021386,-0.68172,0.66283,-2.5314,1.6293,1.8028,-0.04684,-0.8464,-1.2895,1.9316,-1.7693,-0.27239,0.048834,-0.87468,-2.5292,-0.38631,1.7878,2.5308,0.62714,1.1177,-1.207,0.26296,-3.8495,0.62355,-1.3089,0.10528,1.1955,0.80284,3.7237,-0.93152,0.81984,1.3506,-0.35655,-1.8917,-1.6005,1.1228,-0.97262,-0.58942,0.14566,-0.95442,-0.59362,2.2682
3.3112,0.69477,1.1268,-2.9747,-3.6662,-1.5083,-0.75677,-3.3315,3.1539,-1.4757,2.942,-1.5055,-1.4665,0.015406,0.57599,1.4269,0.86828,1.2705,-1.1309,3.6205,-0.32991,0.81431,-0.12846,0.58102,1.0648,0.78465,1.3801,3.2125,5.2438,-0.50246,-2.3979,-2.0143,-1.1365,1.5537,-3.0175,-1.0636,3.3213,-1.291,-1.8994,3.6627,0.81498,-5.561,-0.24385,1.3346,0.23153,4.7613,-2.6881,-1.8528,0.44707,3.2953,2.5134,-3.0905,-2.4035,0.68858,4.1016,-3.1137,-0.12168,1.3848,2.2465,2.2544,-0.69249,4.0183,-0.48001,-0.07462,0.41666,0.34346,-3.0472,-3.1068,-2.1125,2.6501,-2.143,-0.39702,-0.83956,0.86065,-2.9093,-3.403,-1.8867,-0.79041,-0.81441,0.75526,-0.46699,3.0838,-0.8994,-0.27275,3.6933,-5.8312,1.749,1.6407,-4.2475,3.6307,2.0397,0.0010047,-1.3694,2.3243,0.74853,0.99122,0.9768,-1.2694,-1.9993,-2.2479
-2.4402,0.81958,-2.1178,2.0411,2.9433,3.6536,0.7322,4.5256,-3.0097,0.96974,-2.3137,2.1263,1.5501,-0.73241,-0.87364,-3.3053,-0.40921,-1.2232,1.0123,-4.9065,-2.5861,0.51651,1.2346,-0.94201,-1.7428,-0.55795,-2.6776,-1.9287,-1.6003,2.327,3.4189,1.3978,-0.23905,-2.2466,1.5462,-0.96121,-5.2604,1.0154,1.795,0.18622,1.6135,4.0136,1.5444,-1.3546,-2.683,-3.1737,1.4715,1.1257,-0.77945,-1.5415,-1.7241,4.9796,2.6311,1.1994,-2.4773,2.2425,-2.5423,-1.4462,-0.60314,-2.142,-0.96365,-4.1056,0.27571,-0.43668,-0.12959,0.78808,2.5506,2.6773,3.1958,-1.3836,1.3121,-0.06534,1.8021,1.287,1.3999,4.0863,-0.43373,-0.0077765,0.77463,-0.83365,4.5472,-2.605,2.5262,0.68816,-3.1925,4.8315,-1.9659,-2.8509,2.5454,-1.4034,-0.82644,-0.52856,2.3489,-3.296,-2.0383,-0.22263,-1.8001,-0.5368,-0.056655,0.86532
-1.3655,0.85354,-1.4109,0.84286,1.1597,2.7178,-0.19753,2.7835,-1.4957,0.32625,-1.053,1.3653,0.50835,-0.66381,-0.49045,-2.4843,-0.062584,-1.1196,0.73141,-3.1156,-1.9764,0.82185,1.091,-0.7913,-1.1467,0.15996,-1.9405,-0.34628,0.80943,1.5748,2.0119,0.66192,-0.79873,-1.1549,0.22817,-1.1325,-3.462,0.11358,0.73031,1.9064,1.3427,1.2698,1.613,-0.9454,-2.1823,-1.0676,0.3606,0.34456,-0.47272,0.2914,-0.63182,3.2208,1.3433,1.351,-0.6129,0.89803,-2.4206,-0.83149,0.065514,-1.0286,-1.2322,-1.9185,-0.07318,-0.63825,-0.30543,0.68035,1.3375,1.1563,2.2794,-0.21665,0.57679,0.033828,1.4499,1.3874,-0.099238,2.3651,-0.83944,-0.26089,0.60234,-0.56115,4.0687,-1.3973,2.0277,0.60151,-1.5094,1.9951,-1.2764,-1.8947,0.71106,-0.13042,0.0064677,-0.42129,1.4799,-1.8598,-1.3313,0.084605,-1.2248,-0.80411,-0.48094,-0.25672
-0.27918,0.54953,-0.88323,0.47767,1.1493,1.3342,1.0874,1.6907,-1.0445,0.33788,-0.68411,0.7313,1.0195,-0.28157,-0.4334,-1.1216,-0.098503,0.25968,0.017186,-1.6539,-1.6321,0.068552,0.39674,-0.12158,-0.6756,-0.70067,-0.9118,-0.87917,-0.85085,1.3098,1.4289,0.25822,0.1288,-1.1968,0.52403,-0.55445,-1.8973,0.79224,0.87601,-0.33569,1.1918,1.6813,0.12509,-0.14702,-1.1522,-1.0544,0.4066,0.36084,-0.36186,-1.1125,-0.52918,1.9396,1.0924,0.45992,-0.9146,0.64897,-0.79172,-0.43189,0.15964,-0.82234,-0.24628,-1.827,0.30106,0.14522,0.42055,0.51036,0.60381,1.0624,0.8644,-0.48473,0.16272,-0.37274,0.43271,0.64394,0.81393,1.5342,-0.56742,-0.070336,-0.029659,-0.16418,1.4692,-0.60153,0.79631,0.14462,-1.0443,1.8756,-0.41652,-1.1242,0.81825,-0.081958,-0.22905,-0.30478,0.98616,-1.474,-1.0653,0.056021,-0.69198,-0.47308,-0.5272,0.54056
-0.37842,-0.84488,0.027157,2.7036,1.8233,1.4864,-1.7814,0.61623,-3.041,-0.56788,-1.1454,0.99575,-0.04964,0.66967,0.16414,-2.0647,-0.3881,-0.76367,0.30849,-2.4105,-0.78264,3.4247,1.4999,-0.1544,0.16695,0.11695,-0.57293,-1.3637,-0.74495,0.98975,2.0624,0.34622,-1.4501,-0.62683,1.5331,-0.91376,-3.0744,-0.11305,0.02525,-0.013172,0.69495,2.9286,1.2857,-1.1885,-3.0053,-1.9584,1.2254,-0.53678,-0.40067,-0.069597,-1.5814,1.2959,1.0371,-0.041818,-1.6514,2.862,-2.8771,-0.85518,-0.55846,-0.64474,0.15156,-0.59648,-0.60222,-0.72484,0.56819,0.71353,1.8669,0.2472,1.6866,-1.1171,0.52827,0.28769,1.7665,-0.017325,0.69351,-0.19918,-0.037748,-0.47441,0.74688,-0.31121,2.3454,-1.3703,1.0282,-0.1517,-2.4352,2.4232,-2.9855,-0.1423,1.3641,-2.1557,-0.68181,1.2156,1.9187,-2.2545,-0.070349,0.1166,-0.55404,0.97633,0.71135,-0.097003
3.8896,-2.2693,3.822,-0.069715,-4.0764,-3.1455,-6.5488,-7.4676,1.3025,-3.4553,3.2073,-2.1179,-4.3882,1.9976,2.1095,1.497,0.5441,-0.36622,-0.88171,4.7604,2.986,6.2185,1.1073,0.83754,3.396,2.8123,3.2748,3.4921,6.3678,-2.6066,-3.2321,-2.3678,-3.7903,3.9475,-2.0576,-0.97953,4.0402,-3.637,-4.3965,4.3459,-1.3451,-5.6505,1.2258,0.013909,-1.3202,4.7487,-1.9427,-3.8671,0.84333,6.2083,1.5382,-6.8159,-3.9344,-0.80884,4.1036,-0.40926,-2.3678,1.3375,1.0277,3.6642,0.4088,8.4057,-2.2779,-1.5315,0.35991,0.088876,-1.9681,-5.8797,-2.145,2.2556,-1.9361,1.0173,0.62919,-1.0702,-4.0251,-8.4091,-0.42161,-1.3928,0.33195,0.82478,-1.2375,2.8399,-1.725,-1.0406,2.8858,-7.4315,-1.7704,4.8097,-4.5069,0.50535,1.6232,2.9014,-1.1217,2.9199,3.7141,1.0837,2.161,1.6697,0.52786,-3.8974
-5.5555,0.97278,-2.2011,-0.17477,1.0999,1.8611,0.71156,4.7239,0.51753,2.5495,-2.2325,1.2845,0.42151,-1.8014,-0.92762,-0.86104,-0.31035,-3.2795,2.3551,-2.9674,1.4985,-4.9408,-0.94299,-1.8124,-2.3048,0.91313,-2.5798,-0.24875,-1.336,-0.88575,0.29284,2.6233,1.7145,-0.35915,0.3605,1.7312,-1.6698,0.039699,1.6373,0.42972,-2.1948,0.53167,1.2983,-1.3144,2.8003,-2.2387,1.0241,2.9355,-0.00016818,-0.52657,-0.50957,3.6481,1.3708,0.9481,-1.3274,-0.56519,1.6392,-0.97744,-2.0558,-1.8229,-1.3927,-3.4362,0.65933,-0.43506,-3.0834,-1.3822,1.9892,3.1706,2.4931,-0.66018,2.5395,0.99508,0.14773,0.32877,0.18872,5.6284,1.9563,1.34,1.1119,-1.183,1.7267,-2.9641,1.7328,1.4804,-1.1365,2.717,1.0457,-2.9726,2.4067,-0.96945,-0.78332,-2.0984,-0.74791,0.53417,-0.97756,-1.3399,-1.1612,-0.57608,1.5385,1.0034
-6.0775,1.1989,-2.5531,-1.4904,1.823,-0.14271,5.0416,5.3456,2.0481,4.2599,-2.6554,0.59503,2.3465,-2.1453,-1.5316,1.8606,-0.53345,-1.5151,1.8914,-1.3434,2.5949,-10.166,-3.2661,-1.232,-2.7867,-0.98268,-1.8278,-1.7788,-6.2937,-1.6363,-0.7337,3.1542,5.2498,-1.0622,1.1909,4.0231,0.95013,2.0673,3.2805,-4.8664,-3.3902,1.963,-1.7639,0.05202,6.9352,-3.5179,1.6334,4.8753,0.18761,-4.6724,-0.4574,3.191,1.8017,-0.45426,-2.8581,-1.775,6.702,-0.57677,-2.7868,-2.5728,0.062993,-5.8135,2.1817,1.4189,-2.9812,-2.4782,1.217,5.127,0.51588,-1.6579,2.9194,0.34665,-2.3841,-0.98633,2.7075,7.4793,3.4531,2.6083,0.044854,-0.89531,-3.3899,-2.6848,-0.12125,1.2999,-0.61522,4.2757,4.1189,-3.2415,4.0855,-0.98729,-1.7468,-3.3678,-2.305,1.5654,-1.3395,-2.152,-0.71936,-0.50987,1.9029,3.7367
2.2966,0.47691,-0.11452,-0.0034467,0.43775,0.51222,1.3912,-0.19325,-0.78821,-0.63691,0.47409,0.096917,1.0495,0.29255,-0.15168,-0.56529,0.12955,1.9698,-1.1185,-0.1499,-2.5805,1.5871,0.60607,0.6928,0.16288,-1.2717,0.1465,-0.57922,-0.097284,1.8238,1.1561,-0.97935,-0.34561,-1.1616,0.055487,-1.3237,-0.90403,0.94843,0.30298,-0.43442,2.3658,1.0469,-0.67569,0.68767,-2.0649,0.2576,-0.30447,-0.79996,-0.35706,-1.0101,-0.011678,0.46548,0.46605,0.21248,-0.054673,0.34517,-1.1454,0.1153,1.3163,-0.012819,0.22965,-0.5107,0.19302,0.51533,1.7802,1.1217,-0.62002,-0.22984,-0.42764,0.023561,-1.1068,-0.98231,0.089764,0.71855,0.67164,-0.62482,-1.6533,-0.61463,-0.71014,0.40488,0.61942,0.94891,0.0070094,-0.44298,-0.16444,0.43149,-0.29991,-0.026009,-0.4862,0.92444,0.28477,0.282,1.1253,-1.5379,-0.87618,0.67786,-0.21469,-0.60639,-1.5764,0.16099
-4.7265,0.80501,-1.7078,-0.53528,0.48435,1.1749,0.49764,3.6434,1.0003,2.1797,-1.6564,0.84978,0.10775,-1.5697,-0.7157,-0.30154,-0.20299,-2.8592,2.0205,-1.9601,1.7584,-4.6168,-1.0444,-1.5411,-1.8602,0.97223,-1.9813,0.15498,-0.82039,-1.1753,-0.28729,2.1806,1.5718,0.044515,0.016919,1.706,-0.71478,-0.16593,1.1962,0.52295,-2.2507,-0.26248,1.0041,-1.0015,2.9767,-1.4771,0.65814,2.5042,0.1252,-0.13608,-0.15178,2.5894,0.82114,0.74015,-0.74567,-0.93389,1.8549,-0.66396,-1.7594,-1.3161,-1.1901,-2.4691,0.54792,-0.35991,-2.8465,-1.3858,1.402,2.4603,1.8143,-0.3293,2.1127,0.93222,-0.12843,0.15366,-0.13337,4.539,1.8223,1.2179,0.90981,-0.9624,0.97479,-2.2981,1.2365,1.274,-0.49186,1.6475,1.2869,-2.3061,1.7371,-0.59559,-0.54347,-1.8691,-1.0676,1.0386,-0.58869,-1.1822,-0.79542,-0.4952,1.3838,0.72193
-1.7059,-1.1569,0.38301,2.4391,0.59244,1.2592,-4.1268,0.086797,-2.1031,-0.65416,-0.93203,0.80857,-1.6793,0.46647,0.52941,-1.9564,-0.28654,-2.6936,1.209,-2.0218,1.1512,3.3414,1.4784,-0.81057,0.3001,1.8257,-0.65912,0.1071,1.4825,-0.52089,0.85008,0.72918,-2.1655,0.83142,0.71742,-0.48029,-2.3012,-1.6531,-0.95471,2.3138,-0.95054,0.63143,2.5631,-1.8698,-2.0946,-1.0082,0.84787,-0.6013,-0.050732,2.3957,-1.1099,0.47673,0.098255,0.25375,-0.48247,2.238,-3.0667,-0.80074,-1.1297,-0.059381,-0.547,1.1077,-1.2048,-1.6259,-0.96967,0.042477,2.0343,-0.54955,2.1596,-0.40683,1.0301,1.2292,2.1231,-0.15734,-1.0312,-0.64067,0.71216,-0.3677,1.4737,-0.60504,2.9521,-1.7175,1.3163,0.24836,-1.7268,0.61661,-3.09,0.2019,0.61943,-2.269,-0.32453,1.2297,1.0351,-0.7124,0.89527,-0.1128,-0.30664,1.2287,1.6304,-1.2888
-0.98623,0.62173,0.014385,-2.5202,-2.2856,-1.244,0.061417,-0.46939,3.2666,0.63533,0.9464,-0.86329,-0.98246,-0.86494,0.016592,1.7491,0.37962,-0.87029,0.51398,2.0624,2.0178,-3.3858,-1.3659,-0.44853,-0.25525,1.0901,0.2069,2.1242,2.0256,-1.8834,-2.5233,0.16046,0.9036,1.4493,-1.8364,1.1841,2.9815,-0.90569,-0.52597,1.6101,-1.8183,-3.9862,-0.14916,0.46855,3.3738,2.1359,-1.229,0.65181,0.56769,1.6434,1.633,-1.3216,-1.386,0.33028,2.0902,-2.9217,2.449,0.6885,-0.041028,0.7859,-0.72061,1.3373,0.1767,-0.0063949,-1.7397,-1.1493,-1.3366,-0.47502,-0.9214,1.3833,0.071899,0.44208,-1.2606,-0.022088,-1.7219,0.35625,0.65262,0.5773,-0.077121,-0.022518,-1.4255,0.71245,-0.53213,0.518,2.4651,-3.0457,2.5794,0.08596,-1.4792,1.7257,0.76884,-1.2144,-2.2723,2.9718,0.59218,-0.35025,0.53076,-0.74447,0.088288,-0.62728
-3.4466,2.3366,-2.609,-2.569,0.094889,1.3278,3.8285,4.5413,2.4072,2.6723,-0.98971,0.66874,1.6263,-2.2929,-1.3424,0.24146,0.13124,-0.91255,1.1786,-1.3696,-0.37944,-6.8392,-1.723,-1.1588,-2.5527,-0.42729,-2.2314,0.30612,-0.93466,0.079038,-0.25145,1.5915,2.8171,-1.0846,-0.88458,1.3288,-0.13764,1.1469,2.1293,0.04256,-0.55105,-0.86563,-0.38604,0.29906,3.5697,-0.51134,-0.25358,2.9034,-0.028331,-1.5926,0.80474,3.4426,1.1188,1.3269,-0.091757,-2.7749,3.1322,-0.22221,-0.41149,-1.4871,-1.4514,-3.861,1.4684,0.69247,-2.0595,-0.97959,-0.068247,3.0843,0.86105,0.26839,1.2029,-0.18061,-1.2839,1.1495,0.3108,5.8083,0.46356,1.2608,-0.16271,-0.62178,0.54406,-1.1084,1.0491,1.3203,0.6888,1.3705,3.4653,-3.2301,0.97729,1.7885,0.025957,-3.1136,-1.3222,0.94026,-1.9627,-0.88049,-1.0429,-2.1461,-0.57737,1.3736
7.463,1.3296,0.44388,-1.7173,-0.46768,-0.46368,4.3353,-2.4111,-0.026055,-1.9142,2.5678,-0.86891,2.4302,0.85455,-0.17205,0.39953,0.64276,6.2773,-3.6275,2.2513,-5.9939,2.9782,0.68144,2.3569,1.0331,-3.4424,1.6119,-0.47848,0.46758,3.9029,1.2532,-3.3712,-0.30951,-2.2298,-0.92267,-2.9972,0.51465,2.368,0.2136,-1.3958,5.7784,0.4826,-2.9716,2.8657,-3.6855,2.5381,-1.8043,-2.435,-0.57277,-2.3293,1.1466,-0.98625,-0.0099589,0.13777,1.2944,-0.86557,-1.1817,1.1589,4.0916,0.9598,0.97921,0.23677,0.67842,1.8948,4.8503,2.5884,-3.3372,-1.6765,-2.9996,0.93837,-3.7626,-2.8443,-1.0725,1.5188,1.1836,-3.1543,-4.4338,-1.5321,-2.557,1.5565,-0.8533,4.0995,-1.3047,-1.4489,1.5626,-1.3701,0.97238,1.0227,-2.7355,3.8499,1.3171,0.54302,1.5997,-2.3039,-1.6893,1.9269,0.26147,-1.8361,-4.6379,0.22358
5.4035,-2.3721,3.4219,1.7093,-1.4836,-2.2064,-4.362,-6.5231,-1.4938,-3.6048,2.3086,-1.3979,-2.2683,2.6476,1.7282,0.40463,0.18719,1.7899,-1.9074,3.0904,0.19451,8.0046,1.8405,1.6454,3.344,0.60447,3.169,0.78594,2.85,-0.20836,-0.63707,-2.6642,-3.5115,1.7421,-0.11913,-1.9074,1.5596,-1.6476,-3.0859,1.0577,1.0484,-1.0416,0.124,0.30855,-3.9215,2.4105,-0.75363,-4.0176,0.19554,2.8243,0.066624,-5.1801,-2.1801,-1.3242,1.6309,1.9217,-3.4398,0.8335,1.4077,2.558,1.4994,5.8599,-1.7792,-0.68401,2.6647,1.2769,-1.2108,-4.6807,-1.9697,0.67973,-2.2848,-0.053446,1.0067,-1.0123,-1.3132,-7.9689,-1.3041,-1.7325,-0.24452,1.0587,-1.0667,2.5746,-1.6709,-1.6695,0.68257,-3.759,-3.1438,4.3511,-2.7369,-0.56612,0.73808,3.5329,0.96921,-0.21136,2.4756,1.4044,1.5979,1.9341,-0.21003,-2.2991
2.4485,2.3025,-0.69976,-3.234,-2.8781,1.2432,0.48004,-0.16496,2.5251,-0.90526,2.2715,-0.26748,-0.38119,-1.0489,-0.1911,-0.74444,0.99395,0.92186,-0.72571,0.88305,-3.1579,0.45898,0.59844,-0.091712,-0.4194,0.43622,-0.69065,3.1398,6.2801,1.5203,-0.53817,-1.6139,-1.3733,0.0068144,-3.3684,-2.3294,0.28299,-0.69384,-0.81427,5.611,2.8219,-4.9147,0.80036,0.98514,-1.5084,4.3289,-2.8554,-1.3101,-0.057178,3.1466,2.4468,0.44937,-1.0356,2.3766,3.987,-3.2646,-1.8851,0.79617,2.9409,1.2192,-2.1452,1.6072,-0.15071,-0.27717,0.32277,1.144,-2.4638,-1.7357,-0.28287,2.8399,-1.9792,-0.82146,0.044518,2.7415,-3.0017,-0.44668,-3.3325,-1.0132,-0.68084,0.33695,3.4314,2.2709,1.0559,0.40174,2.9026,-4.2293,1.6048,-0.68028,-4.035,4.7316,2.3903,-1.0662,-0.1472,0.62624,-1.1661,1.2028,-0.3375,-2.898,-3.3814,-2.3186
-4.5971,1.1823,-2.3347,0.64646,1.265,3.4425,-0.62701,4.8709,-0.8574,1.586,-2.0821,1.8894,0.14591,-1.6091,-0.81253,-2.7556,-0.19059,-3.3976,2.2062,-4.3451,-0.43169,-1.7676,0.54403,-1.8973,-2.2145,1.1951,-3.1811,0.020726,0.79804,0.51895,1.6518,2.1075,-0.11835,-0.78369,0.14868,-0.028537,-3.8778,-0.39063,1.2004,2.7783,-0.42416,0.73297,2.6218,-1.8068,-0.3251,-1.8642,0.7576,1.8105,-0.32958,0.82331,-0.71803,4.635,1.6626,1.8484,-0.89113,0.37789,-1.5144,-1.2752,-1.2018,-1.7157,-2.1009,-3.0049,0.062406,-1.1323,-2.3863,-0.29491,2.3595,2.4553,3.598,-0.32216,2.0273,0.86565,1.5734,1.4165,-0.56196,4.9663,0.47984,0.4788,1.391,-1.2381,4.9241,-2.9724,2.8984,1.4584,-1.7938,2.6966,-0.72769,-3.1913,1.6788,-0.69258,-0.28962,-1.4559,0.72521,-0.97455,-1.4248,-0.68937,-1.668,-0.94902,0.66551,-0.12052
0.60818,-0.53604,-0.13944,2.1282,2.335,0.81214,0.78665,0.70426,-2.7594,-0.17051,-1.0611,0.7134,1.2988,0.69585,-0.15716,-1.1196,-0.41877,1.0303,-0.48226,-1.709,-1.5725,1.9835,0.78598,0.47224,0.078865,-1.3524,-0.11894,-2.3168,-2.9589,1.556,2.163,0.057039,-0.089935,-1.4913,1.9224,-0.57422,-2.323,1.2397,0.8651,-2.5734,1.3514,4.0603,-0.41804,-0.22847,-2.2329,-2.3584,1.3297,-0.1242,-0.49034,-2.3794,-1.5564,1.2469,1.4265,-0.57876,-2.3308,2.5094,-1.2277,-0.60424,-0.20718,-0.94704,0.93423,-1.826,0.14982,0.35089,1.534,0.79822,1.1898,0.93847,0.55892,-1.5356,0.1129,-0.49189,0.69005,-0.25936,2.1285,0.20499,-0.21175,-0.23737,-0.088269,0.034318,0.3503,-0.73237,0.17856,-0.47495,-2.2652,3.27,-1.7969,-0.21433,1.8262,-1.7024,-0.95613,0.83424,1.7905,-2.5539,-0.63308,0.11115,-0.4397,0.72665,0.083246,1.1691
-3.4293,-0.18489,0.095635,-1.5184,-1.8006,-1.3938,-1.4272,0.05981,2.9134,1.2456,-0.071629,-0.62711,-1.7343,-0.89491,0.15007,1.7974,0.050539,-2.8349,1.6526,1.4011,4.3296,-4.17,-1.6345,-1.0917,-0.40002,2.0846,-0.062275,1.854,1.0522,-3.3215,-2.8877,1.3291,1.1201,2.194,-1.0895,2.3985,2.9006,-1.5702,-0.56976,1.2272,-3.9722,-3.4935,0.60726,-0.51127,4.6533,0.8396,-0.30583,1.4663,0.76479,1.9711,0.95558,-1.2869,-1.3213,-0.10967,1.1898,-2.1698,3.0395,0.26386,-1.663,0.40982,-0.65031,1.2286,-0.051144,-0.54541,-3.1826,-2.0785,-0.036501,0.13495,-0.071114,0.72,1.4222,1.4187,-0.94785,-0.92537,-1.6885,1.1233,2.4531,1.147,0.77524,-0.50323,-1.7665,-0.75591,-0.37176,0.84557,1.6319,-2.1721,2.0067,0.0229,-0.16493,-0.12093,0.050629,-1.1304,-2.7447,3.6177,1.3607,-1.0708,0.56616,0.28767,1.9774,-0.42049
-3.6758,0.50252,-1.5983,0.15604,1.7811,0.73551,2.2615,3.5435,-0.042979,2.245,-1.9957,0.82676,1.3891,-1.0599,-0.87047,0.068715,-0.43606,-1.2017,1.2348,-1.9233,0.93126,-4.4826,-1.2105,-0.8253,-1.6482,-0.52326,-1.4437,-1.5126,-3.719,-0.3802,0.52561,1.9565,2.3878,-0.96443,1.2129,1.816,-0.90164,1.1631,1.9534,-2.5486,-1.4869,2.2539,-0.39764,-0.46204,2.6307,-2.7611,1.3686,2.6025,-0.088512,-2.6529,-0.8593,2.6142,1.5279,-0.11287,-2.2395,0.060975,2.5322,-0.70452,-1.7302,-1.7884,-0.04972,-3.7167,1.0285,0.49777,-1.497,-1.0644,1.4526,3.1104,1.1068,-1.3353,1.8723,0.27704,-0.59162,-0.39173,1.7651,4.4221,1.8132,1.2754,0.32977,-0.66658,-0.65847,-2.1175,0.50613,0.74469,-1.3368,3.4641,1.1815,-2.0978,2.8386,-1.2757,-1.2097,-1.5417,-0.47253,-0.1093,-0.94999,-1.1557,-0.7358,-0.065682,1.2288,2.0554
0.34252,1.4859,-1.6895,0.1746,1.4789,2.6342,2.193,2.8711,-1.415,0.314,-0.66078,1.227,1.8476,-0.65718,-0.81312,-2.1717,0.047656,0.92625,-0.28019,-2.7086,-3.8392,0.4329,0.89231,-0.12711,-1.2329,-1.3161,-1.6971,-0.97996,-0.23521,2.8414,2.5358,-0.018833,-0.096766,-2.2444,0.24053,-1.6187,-3.3596,1.3761,1.4023,0.47356,2.9769,2.0816,0.27363,0.04613,-2.5946,-0.92195,0.087242,0.24901,-0.69062,-1.4508,-0.42686,3.5203,1.7544,1.3039,-0.79445,0.51649,-1.9095,-0.57107,1.059,-1.1838,-0.82235,-2.9232,0.52265,0.27465,1.0539,1.2765,0.45935,1.4629,1.3757,-0.26751,-0.27675,-0.95599,0.76755,1.7703,0.90997,2.4824,-1.8925,-0.41306,-0.29396,-0.15729,3.3183,-0.44716,1.5906,0.26662,-1.2496,2.4669,-0.43731,-2.0902,0.53914,0.9446,0.12348,-0.70415,1.8414,-2.652,-2.2101,0.43646,-1.2981,-1.4916,-1.8236,0.49936
-3.9791,0.34168,-0.67269,-0.24172,-1.5977,1.78,-4.3249,1.566,1.0411,0.35761,-0.43799,0.73169,-2.6492,-1.181,0.19377,-1.6507,0.18852,-4.7268,2.4417,-1.7218,2.2048,-0.30243,0.60016,-2.021,-0.89936,3.4453,-1.8999,2.7345,5.0235,-1.7434,-0.90706,1.398,-1.7235,1.8767,-1.6042,0.098226,-1.101,-2.8314,-1.1555,6.1431,-2.2273,-3.7646,3.7055,-2.0001,0.51441,1.0989,-0.55994,0.43163,0.32753,4.9601,0.59349,1.2154,-0.73012,1.8011,1.9125,-0.93162,-1.8883,-0.52859,-1.0587,0.23441,-2.5138,1.5061,-1.0794,-2.1833,-3.4821,-0.89307,1.2792,-0.38558,2.7423,1.325,1.5164,1.841,1.653,0.95911,-3.4985,1.5597,0.82371,0.13331,1.8524,-1.0646,4.3995,-1.8145,2.238,1.3984,0.39397,-1.9855,-0.74554,-1.1303,-0.9047,-0.019967,0.76177,-0.66284,-0.77372,1.7503,0.65028,-0.46109,-0.56198,-0.4131,1.3092,-2.4345
1.6097,0.55962,-0.46253,-0.20247,1.1197,0.047513,3.1137,0.57485,-0.54373,0.22047,-0.050297,0.059814,1.9455,0.089605,-0.4762,0.21314,-0.043713,2.4004,-1.1058,-0.063603,-2.1838,-0.55317,-0.24053,0.78432,-0.21998,-2.0349,0.16354,-1.4719,-2.4523,1.6309,1.0761,-0.50542,1.1068,-1.6274,0.66216,-0.36445,-0.39654,1.8417,1.1691,-2.6865,1.844,2.1607,-1.7177,1.0149,-0.54227,-0.75749,0.20968,0.18856,-0.34644,-2.8837,-0.25819,0.79527,0.93707,-0.30243,-1.0648,0.19213,0.72435,0.083705,0.78997,-0.58867,0.75986,-1.9408,0.82741,1.1891,1.6959,0.67085,-0.53385,0.91881,-0.83167,-0.62004,-0.68424,-1.1681,-0.73086,0.20828,1.8922,0.62019,-0.90407,-0.04088,-0.9901,0.39404,-1.0676,0.6466,-0.4885,-0.4263,-0.39178,1.7007,0.67976,-0.42784,0.62294,0.56111,-0.28394,-0.26798,0.70336,-1.4235,-1.1616,0.25176,-0.21499,-0.5146,-1.2418,1.4156
-2.0747,0.30037,-0.63998,0.80518,-0.47431,2.4941,-3.6465,1.4382,-0.7585,-0.37168,-0.46675,1.0841,-1.7037,-0.58428,0.14916,-2.6493,0.11795,-3.1603,1.5194,-2.5238,-0.097191,2.1959,1.5431,-1.3817,-0.60007,2.2748,-1.7925,1.5659,4.2215,0.063375,0.74822,0.67988,-2.3755,0.67033,-0.83991,-1.195,-2.7527,-1.9556,-0.85627,5.2507,-0.09199,-1.5898,3.3553,-1.7662,-2.1369,0.46826,-0.26943,-0.41138,-0.10027,3.7794,-0.060721,1.8485,0.028299,1.7445,1.0912,0.48652,-3.6125,-0.70651,-0.23135,-0.0097319,-2.037,0.84535,-1.0838,-1.8898,-1.6628,0.25506,1.4053,-0.46703,2.7852,0.80395,0.76986,1.0843,2.2242,1.3494,-2.4467,0.81222,-0.43674,-0.50354,1.4533,-0.7836,5.2665,-1.4596,2.3906,0.87933,-0.65875,-0.63009,-2.0286,-1.0445,-0.67724,-0.18306,0.64029,0.089254,0.81103,-0.33373,-0.02283,0.11478,-0.84615,-0.41089,0.34618,-2.1471
-9.8022,0.33231,-2.7675,1.3759,2.0018,2.9328,-1.7143,6.7582,-0.34671,3.5737,-4.0404,2.2129,-0.63018,-2.2779,-0.94836,-1.9269,-0.74149,-6.8324,4.4269,-5.2486,4.0115,-5.8408,-0.84908,-3.2102,-3.0905,2.6543,-3.937,-0.42197,-1.76,-2.3622,0.4771,4.6,1.5625,0.36159,1.2271,2.9305,-3.2257,-1.0796,1.7771,1.3461,-4.7663,1.2215,3.3129,-3.1774,3.7804,-4.2339,2.3034,4.2478,0.11353,0.5348,-1.5544,5.1376,1.9122,1.1194,-2.5294,0.59712,1.346,-1.916,-4.2843,-2.7159,-2.0857,-4.2292,0.2445,-1.6147,-5.5275,-2.4619,4.3462,4.4375,4.8054,-1.4578,4.7264,2.4903,1.2685,-0.19159,-0.19076,7.8421,4.0978,2.03,2.6632,-2.1607,3.3402,-5.6506,2.9922,2.3258,-2.7458,4.4326,-0.19908,-3.9781,4.3214,-3.4018,-1.6361,-2.2931,-0.91761,0.88697,-0.45009,-2.3232,-1.6692,0.37509,3.9643,0.93404
4.7602,-2.4029,2.6247,2.6805,1.1129,-2.1659,-0.98948,-4.6219,-2.9053,-2.3533,0.80493,-0.90444,0.089777,2.6809,1.0472,0.71467,-0.32276,3.1828,-2.2139,1.9291,-0.54781,5.9298,1.0951,2.0607,2.6723,-1.5271,2.9505,-2.0755,-2.5721,0.72835,0.79547,-1.9091,-1.3313,-0.10666,1.9841,-0.94486,0.61092,0.62117,-1.0849,-3.9068,1.3746,3.314,-1.7144,0.69121,-3.1789,-0.65031,0.83564,-2.5442,-0.1538,-1.6449,-1.2814,-3.5615,-0.41961,-2.3265,-1.3959,3.229,-1.4842,0.36858,0.59377,0.98313,2.7904,2.2574,-0.65282,0.60002,3.5706,1.1961,-0.33119,-2.1983,-2.1254,-1.2534,-1.6042,-0.74144,0.22641,-1.7646,1.9376,-5.6704,-0.48342,-1.0346,-0.76768,1.0501,-3.119,1.6363,-2.1668,-1.902,-1.1426,0.40231,-2.7413,3.3856,0.11206,-2.0296,-0.69262,3.1062,1.5797,-1.8382,1.4208,0.86324,1.2002,2.3459,0.15193,0.38807
-1.1688,-0.25958,-0.56954,1.848,1.7518,1.523,-0.52917,1.6105,-2.1714,0.18508,-1.3112,1.0195,0.42971,0.089841,-0.18193,-1.6643,-0.34707,-0.80941,0.52542,-2.4174,-0.7014,1.2925,0.84372,-0.36546,-0.44008,-0.099942,-0.96953,-1.2921,-1.232,0.85984,1.7688,0.7172,-0.47798,-0.85186,1.2805,-0.38147,-2.6844,0.27418,0.59891,-0.35987,0.41208,2.6049,0.90345,-0.9487,-1.6902,-2.0144,1.1233,0.28215,-0.35977,-0.685,-1.2829,1.9167,1.2286,0.15376,-1.6519,1.9525,-1.6151,-0.81383,-0.67257,-0.9736,-0.08116,-1.5547,-0.1334,-0.39812,0.059853,0.35699,1.6667,1.0414,1.619,-1.0431,0.79163,0.19394,1.1785,0.13745,0.87395,1.2231,0.18882,-0.068392,0.59078,-0.40939,1.9317,-1.5029,1.0543,0.14206,-2.0642,2.6436,-1.7885,-0.85785,1.5968,-1.6145,-0.69435,0.35176,1.3652,-1.7906,-0.50966,-0.1488,-0.7084,0.44451,0.57526,0.39641
-0.13344,-1.1257,0.54558,0.88328,1.6861,-2.0313,2.2824,-0.48513,-0.58714,0.84698,-0.8738,-0.48833,1.3491,0.70439,-0.094597,1.996,-0.54084,1.4429,-0.50693,1.0252,1.5364,-2.0365,-1.3511,0.81464,0.3919,-1.6432,1.276,-2.4543,-5.6783,-0.75324,-0.2096,0.46538,2.313,-0.49805,2.0752,1.9387,1.5359,1.6198,1.0684,-5.9209,-1.3253,3.2874,-2.4741,0.63408,2.2731,-2.4056,1.5202,1.0814,0.084653,-3.9508,-1.0845,-1.1052,0.56286,-2.1194,-2.5955,1.0813,3.3347,0.035005,-1.2943,-0.68547,2.1816,-1.5663,0.84134,1.3441,0.73146,-0.76848,0.31578,1.3369,-1.5139,-1.8413,0.55798,-0.28847,-1.4746,-2.062,2.9717,0.12031,1.8939,0.88096,-0.57938,0.27728,-4.839,-0.26992,-1.9005,-0.64291,-0.94645,2.5217,0.71219,0.74125,2.4234,-2.0345,-1.5398,0.24212,-0.51166,-0.041156,0.43202,-0.7068,0.60674,1.4928,1.3649,2.5302
-3.2411,1.3194,-1.8596,-0.16269,0.12319,2.9501,-0.99397,3.5865,-0.034716,0.94063,-1.0727,1.3932,-0.34414,-1.4751,-0.57182,-2.3719,0.087435,-2.8442,1.7272,-3.1577,-0.68654,-1.0486,0.64021,-1.6203,-1.7435,1.399,-2.6361,0.99761,2.5318,0.47527,0.98521,1.3307,-0.65921,-0.30798,-0.76636,-0.52721,-2.8976,-0.80962,0.50558,3.9478,0.015416,-0.93013,2.5445,-1.3669,-0.58031,-0.30912,-0.10376,1.0231,-0.2105,1.9094,0.037356,3.5278,0.87557,2.0273,0.41815,-0.44465,-1.8106,-0.82288,-0.38498,-0.9278,-2.2482,-1.5657,-0.15839,-1.1708,-2.0477,-0.062082,1.3669,1.2982,2.8781,0.51201,1.2214,0.69271,1.3936,1.6889,-1.474,3.5633,-0.2525,0.12153,1.1053,-0.94704,4.8284,-1.8885,2.5792,1.2837,-0.67295,0.80332,-0.38065,-2.5196,0.24691,0.42814,0.37899,-1.2813,0.43651,-0.38752,-1.1471,-0.28616,-1.3267,-1.287,-0.039813,-0.90698
3.0954,-1.6579,0.89597,4.2242,3.5263,0.74024,-0.034373,-1.0031,-5.3189,-1.59,-0.98355,0.77404,1.5416,2.1075,0.30156,-1.8835,-0.63468,2.5376,-1.5716,-1.9311,-2.9163,6.3132,2.0598,1.4192,1.2748,-2.2119,0.85605,-3.7291,-4.0271,2.796,3.622,-0.90508,-1.421,-2.0783,3.2336,-1.7974,-3.5874,1.6348,0.45305,-3.9971,2.9316,6.6722,-0.69311,-0.23621,-5.4111,-3.1728,1.9753,-1.67,-0.8135,-3.1588,-2.6366,0.46008,1.7513,-1.3825,-3.415,4.9816,-3.4514,-0.74801,0.26982,-0.75273,2.0944,-1.1787,-0.34222,0.39509,3.6967,1.9276,1.5737,-0.015932,0.28509,-2.3752,-0.69447,-0.95235,1.566,-0.68024,3.2252,-2.4045,-0.99975,-1.0703,-0.29061,0.45017,0.39612,-0.29454,-0.21981,-1.4117,-3.6656,4.3491,-4.1994,1.0859,2.1242,-2.9945,-1.339,2.6533,3.5271,-4.6132,-0.34399,0.74464,-0.24869,1.8184,-0.10407,1.2003
-2.0469,2.5791,-3.6737,0.42574,3.5469,4.5011,4.9338,6.8363,-2.2331,2.0509,-2.4272,2.4464,3.8046,-1.7165,-1.8435,-3.245,-0.24657,0.59032,0.42804,-5.4729,-5.1742,-2.4596,0.50774,-0.75475,-3.0148,-2.3973,-3.5712,-2.6094,-3.0672,4.0572,4.2474,1.3477,1.5421,-4.1049,1.2703,-1.1726,-5.7503,2.934,3.5156,-1.1685,3.4778,4.8382,0.10832,-0.25466,-2.1103,-3.3976,1.131,2.2059,-1.1161,-4.1326,-1.2891,7.1737,3.7582,1.8645,-2.8399,0.8856,-1.1144,-1.3701,0.37436,-3.0686,-1.2423,-7.0754,1.5203,0.78128,0.58212,1.1955,1.7408,4.4219,2.8571,-1.3869,0.90067,-1.2637,0.7501,2.3814,2.6802,6.8583,-1.581,0.27082,-0.21919,-0.70238,4.5281,-2.1783,2.7498,0.9103,-2.882,6.2466,0.13329,-4.6299,2.8618,0.48235,-0.69305,-2.1255,2.4876,-4.1413,-4.0178,-0.15301,-2.4835,-2.2746,-1.8838,2.2391
6.0856,-2.1996,2.5821,2.6591,1.5598,-2.1755,0.32633,-4.7434,-3.3141,-2.5461,0.98899,-0.93881,0.95743,2.8922,0.90912,0.73814,-0.30564,4.6005,-2.9564,2.046,-1.8759,6.3452,1.1812,2.5833,2.7725,-2.5516,3.2014,-2.7283,-3.4444,1.6958,1.3901,-2.4195,-1.1002,-0.88458,2.2459,-1.4116,0.39042,1.4594,-0.70531,-5.0267,2.5875,4.3051,-2.5375,1.2501,-3.9298,-0.78121,0.8213,-2.7989,-0.34511,-2.8601,-1.3729,-3.4174,-0.06985,-2.4764,-1.7472,3.4388,-1.5348,0.47021,1.22,0.87032,3.2122,1.666,-0.36334,1.1478,4.6998,1.7232,-0.73135,-2.0936,-2.6486,-1.4602,-2.1928,-1.3951,-0.020736,-1.6025,2.7576,-5.9131,-1.2056,-1.2397,-1.3139,1.3358,-3.5156,2.2026,-2.454,-2.2336,-1.2788,0.96959,-2.6462,3.4192,0.13676,-1.6489,-0.71705,3.2087,2.0962,-2.6813,0.91414,1.1523,1.1568,2.1158,-0.64715,0.88243
-0.10757,0.48186,-0.36923,-0.41087,-0.26295,0.56314,0.067073,0.52187,0.26688,0.044147,0.10647,0.16925,0.00053202,-0.32942,-0.1273,-0.40881,0.12516,-0.18568,0.1112,-0.34806,-0.56132,-0.13568,0.14393,-0.20507,-0.30936,0.15275,-0.44776,0.43544,0.96526,0.31686,0.12509,-0.018454,-0.19372,-0.11951,-0.46771,-0.35619,-0.39305,-0.10679,0.035654,1.0787,0.41055,-0.60032,0.37032,-0.031385,-0.27194,0.41968,-0.3347,0.0081555,-0.052095,0.49533,0.27733,0.59197,0.049165,0.54808,0.46937,-0.43644,-0.4313,-0.020554,0.32008,-0.020253,-0.5318,-0.13258,0.0016566,-0.14045,-0.17772,0.15157,-0.11649,0.031606,0.3358,0.37154,-0.085007,-0.051225,0.16454,0.56555,-0.46579,0.49115,-0.45991,-0.098653,0.03116,-0.07766,1.0265,0.023376,0.46424,0.21026,0.22366,-0.29357,0.17065,-0.45958,-0.39961,0.6354,0.31584,-0.32246,0.073497,-0.045248,-0.35335,0.10791,-0.2376,-0.54346,-0.45354,-0.32672
-2.4733,0.13155,-0.99992,1.0079,1.3253,1.4292,-0.14531,2.3863,-1.0565,0.91503,-1.4584,0.97758,0.33201,-0.51481,-0.38337,-1.2008,-0.29959,-1.5557,1.0723,-2.297,0.16105,-0.83781,0.17213,-0.7965,-0.96851,0.27724,-1.3579,-0.79271,-1.1081,0.1484,1.0599,1.2581,0.26344,-0.55201,0.84226,0.36456,-2.0215,0.12905,0.83387,-0.049883,-0.53286,1.6143,0.94913,-0.97836,-0.029417,-1.8539,0.97125,1.0959,-0.19239,-0.50954,-0.89243,2.2055,1.108,0.37366,-1.3524,0.93347,-0.38199,-0.7731,-1.0709,-1.1187,-0.48674,-1.9272,0.11701,-0.38535,-0.987,-0.26454,1.5947,1.581,1.7165,-0.80141,1.2803,0.45791,0.72113,0.15315,0.5294,2.4585,0.77521,0.39662,0.7112,-0.61587,1.6219,-1.8136,1.1408,0.55558,-1.5282,2.3343,-0.69554,-1.4066,1.6748,-1.2616,-0.64977,-0.4545,0.50965,-0.80235,-0.55812,-0.52425,-0.75614,0.10156,0.86649,0.52665
-6.5633,0.28999,-0.59073,-1.776,-3.1839,0.42633,-5.0663,1.5158,3.7032,1.4314,-0.35838,0.089924,-3.9182,-1.9454,0.27791,0.099625,0.2653,-6.7372,3.6472,-0.26281,5.6886,-4.0871,-0.92351,-2.8086,-1.2227,4.9655,-1.8241,4.2681,5.7353,-4.4586,-3.4288,2.3856,-0.56434,3.6284,-2.592,2.1409,1.6249,-3.9571,-1.5524,6.8755,-5.4194,-6.7551,3.8936,-2.1943,4.6079,1.9425,-0.9206,1.6788,0.97486,6.3361,1.5207,0.009572,-1.8712,1.6517,2.9736,-2.9815,0.98694,-0.20051,-2.2972,0.61475,-2.9605,2.4692,-0.99685,-2.4455,-5.982,-2.6191,0.9886,-0.26339,2.3893,1.9756,2.5508,2.8746,0.61285,0.18296,-4.7873,2.4681,2.7761,1.1156,2.3158,-1.3962,2.5332,-2.2049,1.738,2.0488,1.9689,-3.9114,1.2627,-1.0738,-1.1427,0.13592,0.84607,-1.706,-3.1783,4.8521,1.713,-1.3255,-0.02838,-0.2885,2.766,-2.6493
0.023805,0.72411,-0.1399,-1.9417,-1.4636,-0.68846,0.80389,-0.22659,2.1756,0.34961,0.8175,-0.5729,-0.20905,-0.60626,-0.10876,1.1061,0.32399,0.12291,-0.020049,1.4081,0.47599,-2.1961,-0.86342,-0.092305,-0.22872,0.2483,0.1339,1.2933,1.2938,-0.67293,-1.4071,-0.18721,0.69432,0.54671,-1.3211,0.44267,1.849,-0.2087,-0.15097,0.89657,-0.45163,-2.4806,-0.43821,0.63767,1.8592,1.5947,-1.0006,0.31244,0.27548,0.6599,1.2048,-0.65204,-0.77043,0.34355,1.4538,-2.104,1.5443,0.53953,0.44337,0.49065,-0.45995,0.57645,0.28611,0.2537,-0.65165,-0.45872,-1.2176,-0.27516,-0.83206,0.99783,-0.31745,-0.075437,-0.97172,0.27753,-0.92558,0.27573,-0.11456,0.25387,-0.35313,0.11997,-0.86729,0.83881,-0.37591,0.25152,1.7509,-1.9494,1.9362,-0.076709,-1.183,1.6654,0.64585,-0.91119,-1.2889,1.6111,0.010493,-0.04283,0.26917,-0.84921,-0.55338,-0.28654
-0.58357,1.0994,-0.89279,-2.2322,-0.12115,-1.0593,4.0669,1.2616,2.2525,1.6282,-0.0016599,-0.48456,1.6295,-0.93659,-0.74236,2.0145,0.074641,1.3031,-0.2524,1.2321,0.20133,-5.2565,-2.0049,0.18124,-0.93488,-1.3678,0.017009,-0.36399,-2.5387,-0.32325,-1.0367,0.37648,2.9428,-0.6661,-0.3033,1.5497,2.1289,1.5571,1.4441,-2.7637,-0.50888,-0.25496,-2.2163,1.3017,3.614,-0.087155,-0.22111,1.7625,0.14888,-2.7027,0.75577,0.33334,0.26272,-0.3099,-0.2688,-2.2149,4.1125,0.45045,-0.032547,-0.56006,0.35651,-2.1233,1.3948,1.4653,-0.31858,-0.8247,-1.1494,1.6736,-1.4213,-0.064188,0.11269,-0.66766,-2.1871,-0.21903,1.2672,2.4004,0.56475,1.0081,-0.97285,0.16704,-3.1084,0.49309,-1.0058,0.21502,1.2148,0.43817,3.3925,-0.93947,0.56242,1.3534,-0.20152,-1.8037,-1.5451,1.2063,-0.84874,-0.54626,0.091767,-0.97014,-0.51463,1.8128
5.567,0.58597,1.3575,-3.3613,-2.24,-3.4891,3.9972,-3.9594,3.1078,-0.90511,2.9739,-2.2427,1.141,0.60617,0.16008,3.6557,0.63354,5.0754,-2.8842,5.3568,-1.2882,-1.3544,-1.5447,2.1221,1.3886,-2.3001,2.8877,0.71054,-0.28851,0.31798,-2.2085,-2.635,1.5747,-0.016494,-1.5655,-0.097006,5.1064,1.4702,-0.37148,-2.7019,1.7239,-2.3923,-3.9827,3.2062,1.7285,3.3921,-2.0102,-1.2207,0.30613,-1.8141,2.1105,-3.9761,-1.6805,-1.0883,2.1121,-3.0052,3.3427,1.8725,2.5697,1.7141,1.5699,1.8809,0.91,2.16,2.6935,0.43087,-4.1555,-1.9087,-4.7021,1.3068,-2.9084,-1.8708,-3.0122,-0.33596,0.52009,-3.477,-1.7315,-0.2964,-2.4686,1.5503,-5.5317,4.3116,-3.1287,-1.2393,3.599,-3.7321,3.5749,2.1873,-2.8358,3.5872,1.0868,-0.15654,-1.5302,1.5981,0.12922,0.90903,1.5019,-0.9738,-2.6616,0.58219
8.5651,0.83944,1.1838,-1.4588,-0.88611,-1.005,3.3976,-3.8363,-0.19815,-2.654,3.1004,-1.2108,1.8955,1.3862,0.20137,0.57593,0.69714,6.6149,-4.0089,3.0133,-5.838,4.5311,1.0074,2.689,1.7416,-3.2605,2.3067,-0.21916,1.1517,3.7582,0.99438,-3.9287,-1.0141,-1.7837,-1.0233,-3.3384,0.99542,1.972,-0.47235,-1.1145,5.9013,0.084756,-2.9557,2.9504,-4.3559,3.1419,-2.0138,-3.261,-0.50249,-1.6551,1.2301,-2.1674,-0.54235,-0.1416,1.7298,-0.58106,-1.7925,1.3684,4.3788,1.5431,1.2759,1.5557,0.30506,1.7485,5.336,2.8011,-3.652,-2.6986,-3.4671,1.1397,-4.2412,-2.8301,-0.91807,1.2874,0.82998,-4.8486,-4.6668,-1.8717,-2.6101,1.7815,-1.1683,4.6777,-1.695,-1.7842,1.8174,-2.3092,0.41569,1.9658,-3.3784,3.7912,1.5028,1.248,1.697,-2.2059,-1.1223,2.2061,0.63278,-1.4435,-4.6631,-0.29129
-1.9342,2.6113,-2.3558,-3.6663,-0.40502,0.27091,5.5137,3.6454,3.3977,2.6196,-0.22483,0.025351,2.2325,-2.204,-1.4034,1.4498,0.29268,0.7309,0.31377,0.1768,-0.81026,-7.774,-2.3633,-0.51653,-2.2828,-1.3253,-1.4338,0.31931,-1.5161,0.22162,-0.86897,0.90903,3.6283,-1.2656,-1.2459,1.4648,1.417,1.8314,2.2641,-1.2165,-0.0525,-1.3225,-1.8046,1.3461,4.3803,0.28216,-0.76343,2.7826,0.04625,-2.5875,1.3974,2.4557,0.77079,0.95138,0.32357,-3.7479,4.5167,0.32095,0.28942,-1.1388,-0.91408,-3.7211,1.9106,1.5035,-1.258,-0.91669,-1.3028,2.8247,-0.59679,0.53324,0.41336,-0.81785,-2.3623,1.0147,0.74527,5.1631,0.038735,1.2932,-0.98103,-0.16656,-1.3714,0.11236,0.060782,0.9749,1.7122,0.5831,4.7904,-2.7566,0.36793,2.8625,0.24658,-3.3405,-1.8389,1.3863,-2.0759,-0.69025,-0.64027,-2.501,-1.3824,1.8383
